program_name,url,calendar_type
Bachelor of Science in Business Administration in Accounting,https://catalog.drexel.edu/undergraduate/collegeofbusiness/accounting/,Quarter
Bachelor of Science in Animation & Visual Effects,https://catalog.drexel.edu/undergraduate/collegeofmediaartsanddesign/animationandvisualeffects/,Quarter
Bachelor of Science in Architectural Engineering in Architectural Engineering,https://catalog.drexel.edu/undergraduate/collegeofengineering/architecturalengineering/,Quarter
Bachelor of Science in Architectural Studies,https://catalog.drexel.edu/undergraduate/collegeofmediaartsanddesign/architecturalstudiesbs/,Quarter
Bachelor of Architecture in Architecture,https://catalog.drexel.edu/undergraduate/collegeofmediaartsanddesign/architecture/,Quarter
Bachelor of Arts in Art History,https://catalog.drexel.edu/undergraduate/collegeofmediaartsanddesign/arthistory/,Quarter
Bachelor of Science in Art History,https://catalog.drexel.edu/undergraduate/collegeofmediaartsanddesign/arthistorybs/,Quarter
"Bachelor of Science in Behavioral Economics, Business and Organizations",https://catalog.drexel.edu/undergraduate/schoolofeconomics/behavioraleconomicsbusinessandorganizations/,Quarter
Bachelor of Science in Behavioral Health Counseling,https://catalog.drexel.edu/undergraduate/collegeofnursingandhealthprofessions/behavorialhealthcounseling/,Quarter
Bachelor of Science in Biological Sciences,https://catalog.drexel.edu/undergraduate/collegeofartsandsciences/biologicalsciences/,Quarter
Bachelor of Science in Biomedical Engineering in Biomedical Engineering,https://catalog.drexel.edu/undergraduate/schoolofbioengscienceandhealthsystems/biomedicalengineering/,Quarter
Bachelor of Science in Business Administration in Business (General),https://catalog.drexel.edu/undergraduate/collegeofbusiness/generalbusiness/,Quarter
Bachelor of Science in Business and Engineering in Business and Engineering,https://catalog.drexel.edu/undergraduate/collegeofbusiness/businessandengineering/,ter
Bachelor of Science in Business Administration in Business Analytics (co-major),https://catalog.drexel.edu/undergraduate/collegeofbusiness/businessanalytics/,Quarter
Bachelor of Science in Business Administration in Business Administration,https://catalog.drexel.edu/undergraduate/collegeofbusiness/generalbusiness/,Quarter
Bachelor of Science in Business Administration in Business Economics (co-major),https://catalog.drexel.edu/undergraduate/schoolofeconomics/businesseconomics/index.html,Quarter
Bachelor of Science in Chemical Engineering in Chemical Engineering,https://catalog.drexel.edu/undergraduate/collegeofengineering/chemicalengineering/,Quarter
Bachelor of Arts in Chemistry,https://catalog.drexel.edu/undergraduate/collegeofartsandsciences/chemistry/,Quarter
Bachelor of Science in Chemistry,https://catalog.drexel.edu/undergraduate/collegeofartsandsciences/chemistrybs/,Quarter
Bachelor of Science in Chemistry-Biochemistry Concentration,https://catalog.drexel.edu/undergraduate/collegeofartsandsciences/chemistrybs/#biochemistryconcentrationrequirementstext,Quarter
Bachelor of Science in Civil Engineering in Civil Engineering,https://catalog.drexel.edu/undergraduate/collegeofengineering/civilengineering/,Quarter
Bachelor of Arts in Communication,https://catalog.drexel.edu/undergraduate/collegeofartsandsciences/communication/,Quarter
Bachelor of Science in Computer Engineering in Computer Engineering,https://catalog.drexel.edu/undergraduate/collegeofengineering/computerengineering/,Quarter
Bachelor of Arts in Computer Science in Computer Science,https://catalog.drexel.edu/undergraduate/collegeofcomputingandinformatics/computerscienceba/,Quarter
Bachelor of Science in Computer Science in Computer Science,https://catalog.drexel.edu/undergraduate/collegeofcomputingandinformatics/computerscience/,Quarter
Bachelor of Science in Computing and Security Technology in Computing and Security Technology,https://catalog.drexel.edu/undergraduate/collegeofcomputingandinformatics/computingandsecuritytechnology/,Quarter
Bachelor of Science in Construction Management in Construction Management,https://catalog.drexel.edu/undergraduate/collegeofengineering/constructionmanagement/,Quarter
Bachelor of Science in Custom-Designed Major,https://catalog.drexel.edu/undergraduate/honorscollege/custom-designedmajor/,Quarter
Bachelor of Science in Dance,https://catalog.drexel.edu/undergraduate/collegeofmediaartsanddesign/dance/,Quarter
Bachelor of Science in Dance - Part-time Professional,https://catalog.drexel.edu/undergraduate/collegeofmediaartsanddesign/dance_parttimeprofessional/index.html,Quarter
Bachelor of Science in Data Science in Data Science,https://catalog.drexel.edu/undergraduate/collegeofcomputingandinformatics/datascience,Quarter
Bachelor of Science in Design and Merchandising,https://catalog.drexel.edu/undergraduate/collegeofmediaartsanddesign/designandmerchandising/,Quarter
Bachelor of Science in Digital Media and Virtual Production,https://catalog.drexel.edu/undergraduate/collegeofmediaartsanddesign/digitalmediaandvirtualproduction/,Quarter
Bachelor of Arts in Economics in Economic Analysis,https://catalog.drexel.edu/undergraduate/schoolofeconomics/economics/,Quarter
Bachelor of Science in Economics in Economics,https://catalog.drexel.edu/undergraduate/schoolofeconomics/economicsbs/,Quarter
Bachelor of Science in Economics and Business,https://catalog.drexel.edu/undergraduate/schoolofeconomics/economicsandbusiness/,Quarter
Bachelor of Science in Economics and Data Science,https://catalog.drexel.edu/undergraduate/schoolofeconomics/economicsanddatascience/,Quarter
Bachelor of Science in Economics and Mathematics,https://catalog.drexel.edu/undergraduate/schoolofeconomics/economicsandmathematics/,Quarter
Bachelor of Science in Economics and Public Health,https://catalog.drexel.edu/undergraduate/schoolofeconomics/economicsandpublichealth/,Quarter
Bachelor of Science in Education: Non-Certification,https://catalog.drexel.edu/undergraduate/schoolofeducation/education-noncertification/index.html,Quarter
Bachelor of Science in Electrical Engineering in Electrical Engineering,https://catalog.drexel.edu/undergraduate/collegeofengineering/electricalengineering/,Quarter
Bachelor of Science in Engineering in Engineering,https://catalog.drexel.edu/undergraduate/collegeofengineering/engineering/,Quarter
Bachelor of Science in Engineering Technology in Engineering Technology,https://catalog.drexel.edu/undergraduate/collegeofengineering/engineeringtechnology,Quarter
"Bachelor of Arts in English, Literary Studies Concentration",https://catalog.drexel.edu/undergraduate/collegeofartsandsciences/english-literaryconcentration/index.html,Quarter
"Bachelor of Arts in English, Writing Concentration",https://catalog.drexel.edu/undergraduate/collegeofartsandsciences/english-writingconcentration/,Quarter
"Bachelor of Arts in English, Secondary Education Concentration",https://catalog.drexel.edu/undergraduate/collegeofartsandsciences/english-secondaryeducation-concentration/,Quarter
Bachelor of Science in Entertainment and Arts Management,https://catalog.drexel.edu/undergraduate/collegeofmediaartsanddesign/entertainmentartmgmt/,Quarter
Bachelor of Arts in Entrepreneurship and Innovation,https://catalog.drexel.edu/undergraduate/schoolofentrepreneurship/entrepreneurshipandinnovation/index.html,Quarter
Bachelor of Arts in Entrepreneurship & Innovation 3-year Option,https://catalog.drexel.edu/undergraduate/schoolofentrepreneurship/entrepreneurshipandinnovation-3year/index.html,Quarter
Bachelor of Science in Environmental Engineering in Environmental Engineering,https://catalog.drexel.edu/undergraduate/collegeofengineering/environmentalengineering/,Quarter
Bachelor of Science in Environmental Science,https://catalog.drexel.edu/undergraduate/collegeofartsandsciences/environmentalscience/,Quarter
Bachelor of Arts in Environmental Studies and Sustainability,https://catalog.drexel.edu/undergraduate/collegeofartsandsciences/environmentalstudiesandsustainability,Quarter
Bachelor of Science in Business Administration in Esport Business,https://catalog.drexel.edu/undergraduate/collegeofbusiness/esportbusiness/index.html,Quarter
Bachelor of Science in Exercise Science,https://catalog.drexel.edu/undergraduate/collegeofnursingandhealthprofessions/exercisescience/,Quarter
Bachelor of Science in Fashion Design,https://catalog.drexel.edu/undergraduate/collegeofmediaartsanddesign/fashiondesign/,Quarter
Bachelor of Science in Film & Television,https://catalog.drexel.edu/undergraduate/collegeofmediaartsanddesign/filmandtvproduction/index.html,Quarter
Bachelor of Science in Business Administration in Finance,https://catalog.drexel.edu/undergraduate/collegeofbusiness/finance/,Quarter
Bachelor of Science in Game Design & Production,https://catalog.drexel.edu/undergraduate/collegeofmediaartsanddesign/gamedesignandproduction/index.html,Quarter
Bachelor of Science in Business Administration in General Business,https://catalog.drexel.edu/undergraduate/collegeofbusiness/generalbusiness/,Quarter
Bachelor of Science in General Studies,https://catalog.drexel.edu/undergraduate/collegeofprofessionalstudies/generalstudies,Quarter
Bachelor of Science in Geoscience,https://catalog.drexel.edu/undergraduate/collegeofartsandsciences/geoscience/,Quarter
Bachelor of Arts in Global Public Health,https://catalog.drexel.edu/undergraduate/schoolofpublichealth/globalpublichealth/index.html,Quarter
Bachelor of Arts in Global Studies,https://catalog.drexel.edu/undergraduate/collegeofartsandsciences/globalstudies/,Quarter
Bachelor of Science in Graphic Design,https://catalog.drexel.edu/undergraduate/collegeofmediaartsanddesign/graphicdesign/,Quarter
Bachelor of Science in Health Data Analytics,https://catalog.drexel.edu/undergraduate/schoolofpublichealth/healthdataanalytics/,Quarter
Bachelor of Science in Health Sciences,https://catalog.drexel.edu/undergraduate/collegeofnursingandhealthprofessions/healthsciences/,Quarter
Bachelor of Science in Health Services Administration,https://catalog.drexel.edu/undergraduate/collegeofnursingandhealthprofessions/healthservicesadministration/,Quarter
Bachelor of Arts in History,https://catalog.drexel.edu/undergraduate/collegeofartsandsciences/history/,Quarter
Bachelor of Science in Hospitality Management in Hospitality Management,https://catalog.drexel.edu/undergraduate/collegeofnursingandhealthprofessions/hospitalitymanagement/index.html,Quarter
Bachelor of Science in Information Systems in Information Systems,https://catalog.drexel.edu/undergraduate/collegeofcomputingandinformatics/informationsystems/,Quarter
Bachelor of Science in Business Administration(BSBA) in International Business,https://catalog.drexel.edu/undergraduate/schoolofeconomics/internationalbusiness,Quarter
Bachelor of Science in Business Administration in International Business Co-Major,https://catalog.drexel.edu/undergraduate/schoolofeconomics/internationalbusinesscomajor/index.html,Quarter
Bachelor of Science in Interior Design,https://catalog.drexel.edu/undergraduate/collegeofmediaartsanddesign/interiordesign/,Quarter
Bachelor of Arts in Law,https://catalog.drexel.edu/undergraduate/schooloflaw/law,Quarter
"Bachelor of Science in Learning Sciences, Experience Design, and Technology",https://catalog.drexel.edu/undergraduate/schoolofeducation/learningsciencesexperiencedesigntechnology/,Quarter
Bachelor of Science in Business Administration in Legal Studies,https://catalog.drexel.edu/undergraduate/collegeofbusiness/legalstudies/,Quarter
Bachelor of Science in Business Administration in Management Information Systems,https://catalog.drexel.edu/undergraduate/collegeofbusiness/managementinformationsystems/,Quarter
Bachelor of Science in Business Administration in Marketing,https://catalog.drexel.edu/undergraduate/collegeofbusiness/marketing/,Quarter
Bachelor of Science in Materials Science and Engineering in Materials Science and Engineering,https://catalog.drexel.edu/undergraduate/collegeofengineering/materialsscienceandengineering/,Quarter
Bachelor of Arts in Mathematics,https://catalog.drexel.edu/undergraduate/collegeofartsandsciences/mathematics/,Quarter
Bachelor of Science in Mathematics,https://catalog.drexel.edu/undergraduate/collegeofartsandsciences/mathematicsbs/,Quarter
Bachelor of Science in Mechanical Engineering in Mechanical Engineering & Mechanics,https://catalog.drexel.edu/undergraduate/collegeofengineering/mechanicalengineering/,Quarter
Bachelor of Science in Music Industry,https://catalog.drexel.edu/undergraduate/collegeofmediaartsanddesign/musicindustry/,Quarter
Bachelor of Science Degree inNursing in Nursing,https://catalog.drexel.edu/undergraduate/collegeofnursingandhealthprofessions/nursing/,Quarter
Bachelor of Science in Nutrition and Foods,https://catalog.drexel.edu/undergraduate/collegeofnursingandhealthprofessions/nutritionandfoods/,Quarter
Bachelor of Science in Business Administration in Operations and Supply Chain Management,https://catalog.drexel.edu/undergraduate/collegeofbusiness/operationandsupplychainmanagement/,Quarter
Bachelor of Science in Business Administration in Organizational Management (co-major),https://catalog.drexel.edu/undergraduate/collegeofbusiness/organizationalmanagement,Quarter
Bachelor of Arts in Philosophy,https://catalog.drexel.edu/undergraduate/collegeofartsandsciences/philosophy/,Quarter
"Bachelor of Arts in Philosophy, Politics and Economics",https://catalog.drexel.edu/undergraduate/collegeofartsandsciences/philosophypoliticseconomics/index.html,Quarter
Bachelor of Science in Photography,https://catalog.drexel.edu/undergraduate/collegeofmediaartsanddesign/photography/,Quarter
Bachelor of Science in Physics,https://catalog.drexel.edu/undergraduate/collegeofartsandsciences/physics/,Quarter
Bachelor of Arts in Political Science,https://catalog.drexel.edu/undergraduate/collegeofartsandsciences/politicalscience/,Quarter
Bachelor of Science in Product Design,https://catalog.drexel.edu/undergraduate/collegeofmediaartsanddesign/productdesign/,Quarter
Bachelor of Science in Psychology,https://catalog.drexel.edu/undergraduate/collegeofartsandsciences/psychology/,Quarter
Bachelor of Science in Public Health,https://catalog.drexel.edu/undergraduate/schoolofpublichealth/publichealth/,Quarter
Bachelor of Science in Business Administration in Real Estate Management and Development,https://catalog.drexel.edu/undergraduate/collegeofbusiness/realestatemanagementanddevelopment,Quarter
Bachelor of Science in Screenwriting and Playwriting,https://catalog.drexel.edu/undergraduate/collegeofmediaartsanddesign/screenwritingandplaywriting/,Quarter
Bachelor of Arts in Sociology,https://catalog.drexel.edu/undergraduate/collegeofartsandsciences/sociology/,Quarter
Bachelor of Science in Software Engineering in Software Engineering,https://catalog.drexel.edu/undergraduate/collegeofcomputingandinformatics/softwareengineering/,Quarter
Bachelor of Science in Special Education (PK-12),https://catalog.drexel.edu/undergraduate/schoolofeducation/specialeducationpk-12/,Quarter
Bachelor of Science in Business Administration in Sport Business,https://catalog.drexel.edu/undergraduate/collegeofbusiness/sportbusiness/index.html,Quarter
Bachelor of Science in Sustainability and Innovation,https://catalog.drexel.edu/undergraduate/schoolofentrepreneurship/sustainabilityandinnovationbs/,Quarter
Bachelor of Science in Business Administration in Technology Innovation Management (co-major),https://catalog.drexel.edu/undergraduate/collegeofbusiness/technologyinnovationmanagement,Quarter
Bachelor of Science in User Experience and Interaction Design,https://catalog.drexel.edu/undergraduate/collegeofmediaartsanddesign/userexperienceandinteractiondesign/,Quarter
Bachelor of Science in Westphal Studies Program,https://catalog.drexel.edu/undergraduate/collegeofmediaartsanddesign/westphalstudiesprogram/,Quarter
Minor in Accounting,https://catalog.drexel.edu/undergraduate/collegeofbusiness/accountingminor/index.html,Quarter
Minor in Actuarial Science,https://catalog.drexel.edu/undergraduate/collegeofartsandsciences/actuarialscienceminor/,Quarter
Minor in Addictions Counseling,https://catalog.drexel.edu/undergraduate/collegeofnursingandhealthprofessions/addictionscounseling/,Quarter
Minor in Africana Studies,https://catalog.drexel.edu/undergraduate/collegeofartsandsciences/africanastudies/,Quarter
Minor in Animation and Visual Effects,https://catalog.drexel.edu/undergraduate/collegeofmediaartsanddesign/animationandvisualeffectsminor/index.html,Quarter
Minor in Architectural Engineering,https://catalog.drexel.edu/undergraduate/collegeofengineering/architecturalengineeringminor/index.html,Quarter
Minor in Architecture,https://catalog.drexel.edu/undergraduate/collegeofmediaartsanddesign/architectureminor/index.html,Quarter
Minor in Art History,https://catalog.drexel.edu/undergraduate/collegeofmediaartsanddesign/arthistoryminor/index.html,Quarter
Minor in Artificial Intelligence and Learning,https://catalog.drexel.edu/undergraduate/collegeofcomputingandinformatics/artificialintellicenceandlearningminor/,Quarter
Minor in Asian Studies,https://catalog.drexel.edu/undergraduate/collegeofartsandsciences/asianstudiesminor/index.html,Quarter
Minor in Astrophysics,https://catalog.drexel.edu/undergraduate/collegeofartsandsciences/astrophysicsminor/index.html,Quarter
Minor in Behavioral Economics and Business,https://catalog.drexel.edu/undergraduate/collegeofbusiness/behavioraleconomicsandbusinessminor/index.html,Quarter
Minor in Biochemistry,https://catalog.drexel.edu/undergraduate/collegeofartsandsciences/biochemistryminor/,Quarter
Minor in Bioinformatics,https://catalog.drexel.edu/undergraduate/collegeofartsandsciences/bioinformatics/,Quarter
Minor in Biological Sciences,https://catalog.drexel.edu/undergraduate/collegeofartsandsciences/biologicalsciencesminor/index.html,Quarter
Minor in Biophysics,https://catalog.drexel.edu/undergraduate/collegeofartsandsciences/biophysicsminor/index.html,Quarter
Minor in Bioscience and Society,https://catalog.drexel.edu/undergraduate/collegeofartsandsciences/bioscienceandsociety/,Quarter
Minor in Business Administration,https://catalog.drexel.edu/undergraduate/collegeofbusiness/businessadministrationminor/,Quarter
Minor in Business Analytics,https://catalog.drexel.edu/undergraduate/collegeofbusiness/businessanalyticsminor/,Quarter
Minor in Business Consulting,https://catalog.drexel.edu/undergraduate/collegeofbusiness/businessconsultingminor/index.html,Quarter
Minor in Chemical Engineering,https://catalog.drexel.edu/undergraduate/collegeofengineering/chemicalengineeringminor/index.html,Quarter
Minor in Chemistry,https://catalog.drexel.edu/undergraduate/collegeofartsandsciences/chemistryminor/index.html,Quarter
Minor in Client Development and Customer Service,https://catalog.drexel.edu/undergraduate/collegeofprofessionalstudies/clientdevelopmentandcustomerserviceminor/,Quarter
Minor in Climate Change,https://catalog.drexel.edu/undergraduate/collegeofartsandsciences/climatechange,Quarter
Minor in Communication,https://catalog.drexel.edu/undergraduate/collegeofartsandsciences/communicationminor/,Quarter
Minor in Computer Crime,https://catalog.drexel.edu/undergraduate/collegeofartsandsciences/computercrimeminor/,Quarter
Minor in Computer Engineering,https://catalog.drexel.edu/undergraduate/collegeofengineering/computerengineeringminor/index.html,Quarter
Minor in Computer Science,https://catalog.drexel.edu/undergraduate/collegeofcomputingandinformatics/computerscienceminor/index.html,Quarter
Minor in Computing Technology,https://catalog.drexel.edu/undergraduate/collegeofcomputingandinformatics/computingtechnologyminor/index.html,Quarter
Minor in Construction Management,https://catalog.drexel.edu/undergraduate/collegeofengineering/constructionmanagementminor/index.html,Quarter
Minor in Corporate Entrepreneurship,https://catalog.drexel.edu/undergraduate/schoolofentrepreneurship/corporateentrepreneurship,Quarter
Minor in Criminal Justice,https://catalog.drexel.edu/undergraduate/collegeofartsandsciences/criminaljusticeminor/index.html,Quarter
Minor in Culinary Arts,https://catalog.drexel.edu/undergraduate/collegeofnursingandhealthprofessions/culinaryartsminor/index.html,Quarter
Minor in Dance,https://catalog.drexel.edu/undergraduate/collegeofmediaartsanddesign/danceminor/index.html,Quarter
Minor in Data Science,https://catalog.drexel.edu/undergraduate/collegeofcomputingandinformatics/datascienceminor/index.html,Quarter
Minor in DragonsTeach Certification Minor,https://catalog.drexel.edu/undergraduate/schoolofeducation/dragonsteachcertificationminor/,Quarter
Minor in DragonsTeach Math Certification Minor,https://catalog.drexel.edu/undergraduate/schoolofeducation/dragonsteachmathcertificationminor/,Quarter
Minor in DragonsTeach Middle Years Minor,https://catalog.drexel.edu/undergraduate/schoolofeducation/dragonsteachmiddleyearsminor/,Quarter
Minor in DragonsTeach Middle Years Certification Minor,https://catalog.drexel.edu/undergraduate/schoolofeducation/dragonsteachmiddleyearscertificationminor/,Quarter
Minor in Ecology,https://catalog.drexel.edu/undergraduate/collegeofartsandsciences/ecology/,Quarter
Minor in Economics,https://catalog.drexel.edu/undergraduate/schoolofeconomics/economicsminor/index.html,Quarter
Minor in Education,https://catalog.drexel.edu/undergraduate/schoolofeducation/education/,Quarter
Minor in Electrical Engineering,https://catalog.drexel.edu/undergraduate/collegeofengineering/electricalengineeringminor/index.html,Quarter
Minor in Engineering Leadership,https://catalog.drexel.edu/undergraduate/collegeofengineering/engineeringleadership/index.html,Quarter
Minor in Engineering Management,https://catalog.drexel.edu/undergraduate/collegeofengineering/engineeringmanagement/,Quarter
Minor in Engineering Policy Analysis,https://catalog.drexel.edu/undergraduate/collegeofengineering/engineeringpolicyanalysis/,Quarter
Minor in Engineering Product Development,https://catalog.drexel.edu/undergraduate/collegeofengineering/engineeringproductdevelopmentminor/index.html,Quarter
Minor in English,https://catalog.drexel.edu/undergraduate/collegeofartsandsciences/englishminor/index.html,Quarter
Minor in Entertainment & Arts Management,https://catalog.drexel.edu/undergraduate/collegeofmediaartsanddesign/entertainmentandartsmanagementminor/index.html,Quarter
Minor in Entertainment Engineering,https://catalog.drexel.edu/undergraduate/collegeofengineering/entertainmentengineeringminor,Quarter
Minor in Entrepreneurship and Innovation,https://catalog.drexel.edu/undergraduate/schoolofentrepreneurship/entrepreneurshipandinnovationminor/index.html,Quarter
Minor in Environmental Engineering,https://catalog.drexel.edu/undergraduate/collegeofengineering/environmentalengineeringminor/index.html,Quarter
Minor in Environmental Public Health,https://catalog.drexel.edu/undergraduate/schoolofpublichealth/environmentalpublichealthminor/,Quarter
Minor in Environmental Studies,https://catalog.drexel.edu/undergraduate/collegeofartsandsciences/environmentalstudiesminor/index.html,Quarter
Minor in Epidemiology,https://catalog.drexel.edu/undergraduate/schoolofpublichealth/epidemiologyminor/index.html,Quarter
Minor in Esports,https://catalog.drexel.edu/undergraduate/collegeofmediaartsanddesign/esportsminor/,Quarter
Minor in Exercise Science,https://catalog.drexel.edu/undergraduate/collegeofnursingandhealthprofessions/exercisescienceminor/index.html,Quarter
Minor in Film Studies,https://catalog.drexel.edu/undergraduate/collegeofmediaartsanddesign/filmstudiesminor/,Quarter
Minor in Finance,https://catalog.drexel.edu/undergraduate/collegeofbusiness/financeminor/index.html,Quarter
Minor in Financial Technology,https://catalog.drexel.edu/undergraduate/collegeofbusiness/financialtechnologyminor/index.html,Quarter
Minor in Fine Arts,https://catalog.drexel.edu/undergraduate/collegeofmediaartsanddesign/fineart/,Quarter
Minor in Food Science,https://catalog.drexel.edu/undergraduate/collegeofnursingandhealthprofessions/foodscienceminor/index.html,Quarter
Minor in Food Studies,https://catalog.drexel.edu/undergraduate/collegeofnursingandhealthprofessions/foodstudiesminor/index.html,Quarter
Minor in Geoscience,https://catalog.drexel.edu/undergraduate/collegeofartsandsciences/geoscienceminor/index.html,Quarter
Minor in Global Engineering,https://catalog.drexel.edu/undergraduate/collegeofengineering/globalengineering/,Quarter
Minor in Global Public Health,https://catalog.drexel.edu/undergraduate/schoolofpublichealth/globalpublichealthminor/index.html,Quarter
Minor in Global Studies,https://catalog.drexel.edu/undergraduate/collegeofartsandsciences/globalstudiesminor/index.html,Quarter
Minor in Graphic Design,https://catalog.drexel.edu/undergraduate/collegeofmediaartsanddesign/graphicdesignminor/index.html,Quarter
Minor in Green Energy and Sustainability,https://catalog.drexel.edu/undergraduate/collegeofengineering/greenenergyandsustainabilityminor/index.html,Quarter
Minor in Health and Social Justice,https://catalog.drexel.edu/undergraduate/schoolofpublichealth/healthandsocialjusticeminor/index.html,Quarter
Minor in Health Services Administration,https://catalog.drexel.edu/undergraduate/collegeofnursingandhealthprofessions/healthservicesadministrationminor/index.html,Quarter
Minor in History,https://catalog.drexel.edu/undergraduate/collegeofartsandsciences/historyminor/index.html,Quarter
Minor in History of Capitalism,https://catalog.drexel.edu/undergraduate/collegeofartsandsciences/historyofcapitalismminor/index.html,Quarter
Minor in Human Computer Interaction,https://catalog.drexel.edu/undergraduate/collegeofcomputingandinformatics/humancomputerinteractionminor,Quarter
Minor in Information Systems,https://catalog.drexel.edu/undergraduate/collegeofcomputingandinformatics/informationsystemsminor/index.html,Quarter
Minor in Interdisciplinary Problem Solving,https://catalog.drexel.edu/undergraduate/honorscollege/interdisciplinaryproblemsolving/index.html,Quarter
Minor in International Economics,https://catalog.drexel.edu/undergraduate/schoolofeconomics/internationaleconomicsminor/index.html,Quarter
Minor in Italian Studies,https://catalog.drexel.edu/undergraduate/collegeofartsandsciences/italianstudies/index.html,Quarter
Minor in Jazz and African-American Music,https://catalog.drexel.edu/undergraduate/collegeofmediaartsanddesign/jazzandafricanamericanmusicminor/,Quarter
Minor in Jewish Studies,https://catalog.drexel.edu/undergraduate/collegeofartsandsciences/jewishstudiesminor/index.html,Quarter
Minor in Justice Studies,https://catalog.drexel.edu/undergraduate/collegeofartsandsciences/justicestudiesminor/index.html,Quarter
Minor in Law,https://catalog.drexel.edu/undergraduate/schooloflaw/lawminor/,Quarter
Minor in Legal Studies,https://catalog.drexel.edu/undergraduate/collegeofbusiness/legalstudiesminor/index.html,Quarter
Minor in Linguistics,https://catalog.drexel.edu/undergraduate/collegeofartsandsciences/linguisticsminor/,Quarter
Minor in Management Information Systems,https://catalog.drexel.edu/undergraduate/collegeofbusiness/managementinformationsystemsminor/index.html,Quarter
Minor in Marketing,https://catalog.drexel.edu/undergraduate/collegeofbusiness/marketing/marketingminor/index.html,Quarter
Minor in Materials Science and Engineering,https://catalog.drexel.edu/undergraduate/collegeofengineering/materialsscienceandengineeringminor/index.html,Quarter
Minor in Mathematics,https://catalog.drexel.edu/undergraduate/collegeofartsandsciences/mathematicsminor/index.html,Quarter
Minor in Mechanical Engineering and Mechanics,https://catalog.drexel.edu/undergraduate/collegeofengineering/mechanicalengineeringminor/,Quarter
Minor in Medical Sociology,https://catalog.drexel.edu/undergraduate/collegeofartsandsciences/medicalsociologyminor/index.html,Quarter
Minor in Merchandising,https://catalog.drexel.edu/undergraduate/collegeofmediaartsanddesign/merchandisingminor/,Quarter
Minor in Middle East and North Africa Studies,https://catalog.drexel.edu/undergraduate/collegeofartsandsciences/menaminor,Quarter
Minor in Military Science,https://catalog.drexel.edu/additionalacademicprograms/armyrotc/#militaryscienceminortext,Quarter
Minor in Music,https://catalog.drexel.edu/undergraduate/collegeofmediaartsanddesign/musicminor/,Quarter
Minor in Music Performance,https://catalog.drexel.edu/undergraduate/collegeofmediaartsanddesign/musicperformanceminor/,Quarter
Minor in Music Theory and Composition,https://catalog.drexel.edu/undergraduate/collegeofmediaartsanddesign/musictheoryandcomposition/,Quarter
Minor in Neuroscience,https://catalog.drexel.edu/undergraduate/collegeofartsandsciences/neuroscienceminor/,Quarter
Minor in Nonprofit Communication,https://catalog.drexel.edu/undergraduate/collegeofartsandsciences/nonprofitcommunication/,Quarter
Minor in Nuclear Engineering,https://catalog.drexel.edu/undergraduate/collegeofengineering/nuclearengineering/,Quarter
Minor in Nutrition,https://catalog.drexel.edu/undergraduate/collegeofnursingandhealthprofessions/nutritionminor/index.html,Quarter
Minor in Operations and Supply Chain Management,https://catalog.drexel.edu/undergraduate/collegeofbusiness/operationsandsupplychainmanagementminor/index.html,Quarter
Minor in Organizational Management,https://catalog.drexel.edu/undergraduate/collegeofbusiness/organizationalmanagementminor/index.html,Quarter
Minor in Performing Arts,https://catalog.drexel.edu/undergraduate/collegeofmediaartsanddesign/performingarts/,Quarter
Minor in Philosophy,https://catalog.drexel.edu/undergraduate/collegeofartsandsciences/philosophyminor/index.html,Quarter
Minor in Photography,https://catalog.drexel.edu/undergraduate/collegeofmediaartsanddesign/photographyminor/,Quarter
Minor in Physics,https://catalog.drexel.edu/undergraduate/collegeofartsandsciences/physicsminor/index.html,Quarter
Minor in Playwriting,https://catalog.drexel.edu/undergraduate/collegeofmediaartsanddesign/playwritingminor/index.html,Quarter
Minor in Politics,https://catalog.drexel.edu/undergraduate/collegeofartsandsciences/politics/,Quarter
Minor in Product Design,https://catalog.drexel.edu/undergraduate/collegeofmediaartsanddesign/productdesignminor/index.html,Quarter
Minor in Psychiatric Rehabilitation,https://catalog.drexel.edu/undergraduate/collegeofnursingandhealthprofessions/psychiatricrehabilitation/,Quarter
Minor in Psychology,https://catalog.drexel.edu/undergraduate/collegeofartsandsciences/pychologyminor/index.html,Quarter
Minor in Public Health,https://catalog.drexel.edu/undergraduate/schoolofpublichealth/publichealthminor/,Quarter
Minor in Real Estate Management and Development,https://catalog.drexel.edu/undergraduate/collegeofbusiness/realestatemanagementanddevelopmentminor/index.html,Quarter
Minor in Religious Studies,https://catalog.drexel.edu/undergraduate/collegeofartsandsciences/religiousstudiesminor/index.html,Quarter
Minor in Robotics and Automation,https://catalog.drexel.edu/undergraduate/collegeofengineering/roboticsandautomationminor/index.html,Quarter
"Minor in Science, Technology and Society",https://catalog.drexel.edu/undergraduate/collegeofartsandsciences/sciencetechnologysociety,Quarter
Minor in Screenwriting,https://catalog.drexel.edu/undergraduate/collegeofmediaartsanddesign/screenwritingminor/index.html,Quarter
Minor in Security Technology,https://catalog.drexel.edu/undergraduate/collegeofcomputingandinformatics/securitytechnologyminor/,Quarter
Minor in Social Entrepreneurship,https://catalog.drexel.edu/undergraduate/schoolofentrepreneurship/socialentrepreneurship/index.html,Quarter
Minor in Sociology,https://catalog.drexel.edu/undergraduate/collegeofartsandsciences/sociologyminor/index.html,Quarter
Minor in Software Engineering,https://catalog.drexel.edu/undergraduate/collegeofcomputingandinformatics/softwareengineeringminor/index.html,Quarter
Minor in Somatics,https://catalog.drexel.edu/undergraduate/collegeofmediaartsanddesign/somatics/,Quarter
Minor in Sport Coaching Leadership,https://catalog.drexel.edu/undergraduate/schoolofeducation/sportcoachingleadershipminor/index.html,Quarter
Minor in Sport Management,https://catalog.drexel.edu/undergraduate/collegeofbusiness/sportmanagementminor/index.html,Quarter
Minor in Sport Regulation & Compliance,https://catalog.drexel.edu/undergraduate/collegeofbusiness/sportregulationcomplianceminor/index.html,Quarter
Minor in Sports Media Production,https://catalog.drexel.edu/undergraduate/collegeofmediaartsanddesign/sportsmediaproduction/,Quarter
Minor in STEM Education,https://catalog.drexel.edu/undergraduate/schoolofeducation/stemeducationminor,Quarter
Minor in Sustainability in the Built Environment,https://catalog.drexel.edu/undergraduate/collegeofmediaartsanddesign/sustainabilitybuiltminor/,Quarter
Minor in Systems Engineering,https://catalog.drexel.edu/undergraduate/collegeofengineering/systemsengineering,Quarter
Minor in Technology,https://catalog.drexel.edu/undergraduate/collegeofengineering/technologyminor/,Quarter
Minor in Technology Innovation Management,https://catalog.drexel.edu/undergraduate/collegeofbusiness/technologyinnovationmanagementminor/index.html,Quarter
Minor in Television Industry and Enterprise,https://catalog.drexel.edu/undergraduate/collegeofmediaartsanddesign/televisionindustryandenterprise/,Quarter
Minor in TV Production and Media Management,https://catalog.drexel.edu/undergraduate/collegeofmediaartsanddesign/tvproductionmediamanagementminor/index.html,Quarter
Minor in Theatre,https://catalog.drexel.edu/undergraduate/collegeofmediaartsanddesign/theatre/,Quarter
Minor in User Experience and Interaction Design,https://catalog.drexel.edu/undergraduate/collegeofmediaartsanddesign/userexperienceandinteractiondesignminor/,Quarter
Minor in Virtual Reality & Immersive Media,https://catalog.drexel.edu/undergraduate/collegeofmediaartsanddesign/virtualrealityandimmersivemediaminor/index.html,Quarter
Minor in War and Society,https://catalog.drexel.edu/undergraduate/collegeofartsandsciences/warandsocietyminor/,Quarter
Minor in Women's and Gender Studies,https://catalog.drexel.edu/undergraduate/collegeofartsandsciences/womensgenderstudies/,Quarter
Minor in Writing,https://catalog.drexel.edu/undergraduate/collegeofartsandsciences/writingminor/,Quarter
Master of Science in Accounting in Accounting,https://catalog.drexel.edu/graduate/collegeofbusiness/accounting/,Quarter
Master of Science in Addictions Counseling,https://catalog.drexel.edu/graduate/collegeofnursingandhealthprofessions/addictionscounseling/index.html,Quarter
Master of Science in Applied Behavior Analysis,https://catalog.drexel.edu/graduate/schoolofeducation/appliedbehavioranalysis/,Quarter
Master of Science in Applied Behavior Analysis and Special Education,https://catalog.drexel.edu/graduate/schoolofeducation/appliedbehavioranalysisandspecialeducation/index.html,Quarter
Doctor of Philosophy in Architectural Engineering,https://catalog.drexel.edu/graduate/collegeofengineering/architecturalengineeringphd/,Quarter
Master of Arts in Art Therapy and Counseling,https://catalog.drexel.edu/graduate/collegeofnursingandhealthprofessions/arttherapyandcounseling,Quarter
Master of Science in Artificial Intelligence and Machine Learning in Artificial Intelligence and Machine Learning,https://catalog.drexel.edu/graduate/collegeofcomputingandinformatics/artificialintelligenceandmachinelearning/index.html,Quarter
Master of Science in Arts Administration and Museum Leadership,https://catalog.drexel.edu/graduate/collegeofmediaartsanddesign/artsadministrationandmuseumleadership/,Quarter
Doctor of Philosophy in Biochemistry of Health & Disease,https://catalog.drexel.edu/graduate/schoolofbiomedicalsciences/biochemistryofhealthanddiseasephd/index.html,Semester
Master of Science in Bioinformatics,https://catalog.drexel.edu/graduate/schoolofbiomedicalengineeringscienceandhealthsystems/bioinformaticsindex.html,Quarter
Master of Science in Biological Sciences (MS: College of Arts and Sciences),https://catalog.drexel.edu/graduate/collegeofartsandsciences/biologicalsciences/,Quarter
"Master of Science in Biomedical Engineering (MS: School of Biomedical Engineering, Science and Health Systems)",https://catalog.drexel.edu/graduate/schoolofbiomedicalengineeringscienceandhealthsystems/biomedicalengineering/,Quarter
"Doctor of Philosophy in Biomedical Engineering (PhD: School of Biomedical Engineering, Science and Health Systems)",https://catalog.drexel.edu/graduate/schoolofbiomedicalengineeringscienceandhealthsystems/biomedicalengineering-phd/,Quarter
"Master of Science in Biomedical Science (MS: School of Biomedical Engineering, Science and Health Systems)",https://catalog.drexel.edu/graduate/schoolofbiomedicalengineeringscienceandhealthsystems/biomedicalscience/,Quarter
"Doctor of Philosophy in Biomedical Science (PhD: School of Biomedical Engineering, Science and Health Systems)",https://catalog.drexel.edu/graduate/schoolofbiomedicalengineeringscienceandhealthsystems/biomedicalsciences-phd/,Quarter
Master of Science in Biomedicine and Business,https://catalog.drexel.edu/graduate/schoolofbiomedicalsciences/biomedicinebusiness/,Semester
Master of Science in Biomedicine and Digital Media,https://catalog.drexel.edu/graduate/schoolofbiomedicalsciences/biomedicinedigitalmedia,Semester
Master of Science in Biomedicine and Entrepreneurship,https://catalog.drexel.edu/graduate/schoolofbiomedicalsciences/biomedicineentrepreneurship,Semester
Master of Science in Biostatistics,https://catalog.drexel.edu/graduate/schoolofpublichealth/biostatistics/,Quarter
Master of Science in Biotechnology,https://catalog.drexel.edu/graduate/schoolofbiomedicalsciences/biotechnology/,Semester
Doctor of Business Administration in Business Administration,https://catalog.drexel.edu/graduate/collegeofbusiness/businessadministrationdba/,Quarter
Master of Business Administration in Business Administration,https://catalog.drexel.edu/graduate/collegeofbusiness/businessadministration/,Quarter
Master of Science in Business Analytics in Business Analytics,https://catalog.drexel.edu/graduate/collegeofbusiness/businessanalytics/,Quarter
"Master of Science in Business Information Technology in Business Information Technology (MSBIT), partnership of College of Computing & Informatics and the LeBow College of Business",https://catalog.drexel.edu/graduateprograms/businessinformationtechnology,Quarter
Master of Science in Chemical Engineering,https://catalog.drexel.edu/graduate/collegeofengineering/chemicalengineering/,Quarter
Doctor of Philosophy in Chemical Engineering,https://catalog.drexel.edu/graduate/collegeofengineering/chemicalengineeringphd/,Quarter
Master of Science in Chemistry,https://catalog.drexel.edu/graduate/collegeofartsandsciences/chemistry/,Quarter
Doctor of Philosophy in Chemistry,https://catalog.drexel.edu/graduate/collegeofartsandsciences/chemistryphd/,Quarter
Doctor of Philosophy in Civil Engineering,https://catalog.drexel.edu/graduate/collegeofengineering/civilengineeringphd/,Quarter
Master of Science in Clinical Research for Health Professionals,https://catalog.drexel.edu/graduate/schoolofbiomedicalsciences/clinicalresearchforhealthprofessionals/,Semester
Master of Science in Clinical Research Organization & Management,https://catalog.drexel.edu/graduate/schoolofbiomedicalsciences/clinicalresearchorganizationandmanagement/,Semester
"Master of Science in Communication, Culture and Media",https://catalog.drexel.edu/graduate/collegeofartsandsciences/communicationcultureandmedia/,Quarter
Master of Public Health in Community Health and Prevention,https://catalog.drexel.edu/graduate/schoolofpublichealth/communityhealthandprevention/,Quarter
Doctor of Philosophy in Community Health and Prevention,https://catalog.drexel.edu/graduate/schoolofpublichealth/communityhealthandpreventionphd/,Quarter
Master of Science in Complementary and Integrative Health,https://catalog.drexel.edu/graduate/collegeofnursingandhealthprofessions/complementaryandintegrativehealth/index.html,Quarter
Master of Science in Computer Engineering,https://catalog.drexel.edu/graduate/collegeofengineering/computerengineering/,Quarter
Doctor of Philosophy in Computer Engineering,https://catalog.drexel.edu/graduate/collegeofengineering/computerengineeringphd/,Quarter
Master of Science in Computer Security and Privacy in Computer Security and Privacy,https://catalog.drexel.edu/graduate/collegeofcomputingandinformatics/computersecurityandprivacy/,Quarter
Master of Science in Computer Science in Computer Science,https://catalog.drexel.edu/graduate/collegeofcomputingandinformatics/computerscience/,Quarter
Doctor of Philosophy in Computer Science,https://catalog.drexel.edu/graduate/collegeofcomputingandinformatics/computersciencephd/,Quarter
Master of Science in Construction Management,https://catalog.drexel.edu/graduate/collegeofengineering/constructionmanagement/,Quarter
Doctor in Couple and Family Therapy in Couple and Family Therapy,https://catalog.drexel.edu/graduate/collegeofnursingandhealthprofessions/coupleandfamilytherapydcft/,Quarter
Doctor of Philosophy in Couple and Family Therapy,https://catalog.drexel.edu/graduate/collegeofnursingandhealthprofessions/coupleandfamilytherapy/,Quarter
Doctor of Philosophy in Creative Arts in Therapy,https://catalog.drexel.edu/graduate/collegeofnursingandhealthprofessions/creativeartstherapies/,Quarter
Master of Science in Creative Education and Entrepreneurship,https://catalog.drexel.edu/graduate/schoolofeducation/creativeeducationandentrepreneurship/,Quarter
Master of Fine Arts in Creative Writing,https://catalog.drexel.edu/graduate/collegeofartsandsciences/creativewriting/index.html,Quarter
Master of Science in Creativity and Innovation,https://catalog.drexel.edu/graduate/schoolofeducation/creativityandinnovation/,Quarter
Master of Science in Culinary Arts and Science,https://catalog.drexel.edu/graduate/collegeofnursingandhealthprofessions/culinaryartsandscience/index.html,Quarter
Master of Laws in Cyber Law and Data Privacy (LLM) - Quarter Calendar,https://catalog.drexel.edu/graduate/schooloflaw/cyberlawanddataprivacyllm-qtr/,Quarter
Master of Science in Cybersecurity,https://catalog.drexel.edu/graduate/collegeofengineering/cybersecurity,Quarter
Master of Arts in Dance/Movement Therapy and Counseling,https://catalog.drexel.edu/graduate/collegeofnursingandhealthprofessions/dancemovementtherapyandcounseling/index.html,Quarter
Master of Science in Data Science in Data Science,https://catalog.drexel.edu/graduate/collegeofcomputingandinformatics/datascience/index.html,Quarter
Master of Science in Design Research in Design Research,https://catalog.drexel.edu/graduate/collegeofmediaartsanddesign/designresearch/index.html,Quarter
Master of Science in Digital Media,https://catalog.drexel.edu/graduate/collegeofmediaartsanddesign/digitalmedia/,Quarter
Master of Science in Drexel Pathway to Medical School,https://catalog.drexel.edu/graduate/schoolofbiomedicalsciences/drexelpathwaytomedicalschool/,Semester
Master of Science in Drug Discovery and Development,https://catalog.drexel.edu/graduate/schoolofbiomedicalsciences/drugdiscoveryanddevelopment/,Semester
"Master of Science(MS) in Ecology, Evolution, and Earth Systems",https://catalog.drexel.edu/graduate/collegeofartsandsciences/ecologyevolutionandearthsystems/,Quarter
"Doctor of Philosophy in Ecology, Evolution, and Earth Systems",https://catalog.drexel.edu/graduate/collegeofartsandsciences/ecologyevolutionandearthsystemsphd/,Quarter
Master of Science in Economics in Economics,https://catalog.drexel.edu/graduate/schoolofeconomics/economicsms/,Quarter
Master of Science in Economics &amp; Computer Science in Economics and Computer Science,https://catalog.drexel.edu/graduate/schoolofeconomics/economicsandcomputerscience/index.html,Quarter
Doctor of Philosophy in Education,https://catalog.drexel.edu/graduate/schoolofeducation/educationphd/,Quarter
Master of Science in Education Improvement and Transformation,https://catalog.drexel.edu/graduate/schoolofeducation/educationimprovement/,Quarter
Master of Science in Educational Administration,https://catalog.drexel.edu/graduate/schoolofeducation/educationaladministration/,Quarter
Doctor of Education in Educational Leadership and Management,https://catalog.drexel.edu/graduate/schoolofeducation/educationalleadershipandmanagement/,Quarter
Master of Science in Electrical Engineering,https://catalog.drexel.edu/graduate/collegeofengineering/electricalengineering/,Quarter
Doctor of Philosophy in Electrical Engineering,https://catalog.drexel.edu/graduate/collegeofengineering/electricalengineeringphd/,Quarter
Master of Engineering in Engineering,https://catalog.drexel.edu/graduate/collegeofengineering/engineeringmasterofengineering/,Quarter
Master of Science in Engineering Management,https://catalog.drexel.edu/graduate/collegeofengineering/engineeringmanagement/,Quarter
Master of Science in Engineering Technology,https://catalog.drexel.edu/graduate/collegeofengineering/engineeringtechnology,Quarter
Master of Science in Entrepreneurship and Innovation,https://catalog.drexel.edu/graduate/schoolofentrepreneurship/entrepreneurshipandinnovation/index.html,Quarter
Master of Public Health in Environmental and Occupational Health,https://catalog.drexel.edu/graduate/schoolofpublichealth/environmentalandoccupationalhealth,Quarter
Doctor of Philosophy in Environmental and Occupational Health,https://catalog.drexel.edu/graduate/schoolofpublichealth/eohphd/index.html,Quarter
Master of Science in Environmental and Occupational Health Sciences,https://catalog.drexel.edu/graduate/schoolofpublichealth/environmentalandoccupationalhealthsciences/index.html,Quarter
Master of Science in Environmental Engineering,https://catalog.drexel.edu/graduate/collegeofengineering/environmentalengineering/,Quarter
Doctor of Philosophy in Environmental Engineering,https://catalog.drexel.edu/graduate/collegeofengineering/environmentalengineeringphd,Quarter
Master of Science in Environmental Policy in Environmental Policy,https://catalog.drexel.edu/graduate/collegeofartsandsciences/environmentalpolicy/,Quarter
Master of Science in Epidemiology,https://catalog.drexel.edu/graduate/schoolofpublichealth/epidemiologyms/index.html,Quarter
Master of Public Health in Epidemiology,https://catalog.drexel.edu/graduate/schoolofpublichealth/epidemiology/,Quarter
Doctor of Philosophy in Epidemiology,https://catalog.drexel.edu/graduate/schoolofpublichealth/epidemiologyphd/index.html,Quarter
Master of Family Therapy in Family Therapy,https://catalog.drexel.edu/graduate/collegeofnursingandhealthprofessions/familytherapy/,Quarter
Master of Science in Fashion Design,https://catalog.drexel.edu/graduate/collegeofmediaartsanddesign/fashiondesign/,Quarter
Master of Science in Finance in Finance,https://catalog.drexel.edu/graduate/collegeofbusiness/finance/,Quarter
Master of Science in Food Science,https://catalog.drexel.edu/graduate/collegeofnursingandhealthprofessions/foodscience/,Quarter
Master of Science in Global and International Education,https://catalog.drexel.edu/graduate/schoolofeducation/globalandinternationaleducation/,Quarter
Master of Science in Global Health,https://catalog.drexel.edu/graduate/schoolofpublichealth/globalhealthms/index.html,Quarter
Master of Public Health in Global Health,https://catalog.drexel.edu/graduate/schoolofpublichealth/globalhealthmph/index.html,Quarter
Master of Science in Health and Rehabilitation Sciences,https://catalog.drexel.edu/graduate/collegeofnursingandhealthprofessions/healthandrehabilitationsciences/,Quarter
Doctor of Philosophy in Health and Rehabilitation Sciences,https://catalog.drexel.edu/graduate/collegeofnursingandhealthprofessions/healthandrehabilitationsciencesphd,Quarter
Master of Health Administration in Health Administration,https://catalog.drexel.edu/graduate/collegeofnursingandhealthprofessions/healthadministration,Quarter
Master of Laws in Health Care and Pharmaceutical Compliance (LLM) - Quarter Calendar,https://catalog.drexel.edu/graduate/schooloflaw/healthcareandpharmaceuticalcompliancellm-qtr/,Quarter
Master of Science in Health Informatics in Health Informatics,https://catalog.drexel.edu/graduate/collegeofcomputingandinformatics/healthinformatics/,Quarter
Master of Public Health in Health Management and Policy,https://catalog.drexel.edu/graduate/schoolofpublichealth/healthmanagementandpolicy/,Quarter
Doctor of Health Science in Health Sciences,https://catalog.drexel.edu/graduate/collegeofnursingandhealthprofessions/healthsciencesdhsc/index.html,Quarter
Doctor of Philosophy in Health Services Research and Policy,https://catalog.drexel.edu/graduate/schoolofpublichealth/healthservicesresearchandpolicy/index.html,Quarter
Master of Science in Healthcare Simulation,https://catalog.drexel.edu/graduate/collegeofnursingandhealthprofessions/healthcaresimulationms/,Quarter
Master of Science in Higher Education Leadership,https://catalog.drexel.edu/graduate/schoolofeducation/highereducationleadership/index.html,Quarter
Master of Science in Histotechnology,https://catalog.drexel.edu/graduate/schoolofbiomedicalsciences/histotechology/,Semester
Master of Science in Information in Human-Computer Interaction and User Experience,https://catalog.drexel.edu/graduate/collegeofcomputingandinformatics/humancomputerinteractionanduserexperience/index.html,Quarter
Master of Science in Human Nutrition,https://catalog.drexel.edu/graduate/collegeofnursingandhealthprofessions/humannutrition/,Quarter
Master of Science in Human Resource Development,https://catalog.drexel.edu/graduate/schoolofeducation/humanresourcedevelopment/index.html,Quarter
Master of Science in Immunology,https://catalog.drexel.edu/graduate/schoolofbiomedicalsciences/immunology/,Semester
Master of Science in Infectious Disease,https://catalog.drexel.edu/graduate/schoolofbiomedicalsciences/infectiousdisease/,Semester
Doctor of Philosophy in Information Science,https://catalog.drexel.edu/graduate/collegeofcomputingandinformatics/informationsciencephd/,Quarter
Master of Science in Information Systems in Information Systems,https://catalog.drexel.edu/graduate/collegeofcomputingandinformatics/informationsystems/,Quarter
Master of Science in Integrated Biomedical Engineering and Business,https://catalog.drexel.edu/graduate/schoolofbiomedicalengineeringscienceandhealthsystems/integratedbiomedicalengineeringbusiness/index.html,Quarter
Master of Science in Intensive Medical Sciences,https://catalog.drexel.edu/graduate/schoolofbiomedicalsciences/intensivemedicalsciences/index.html,Semester
Master of Science in Interdisciplinary Health Sciences,https://catalog.drexel.edu/graduate/schoolofbiomedicalsciences/interdisciplinaryhealthscience/,Semester
Master of Science in Interior Architecture,https://catalog.drexel.edu/graduate/collegeofmediaartsanddesign/interiorarchitecture/index.html,Quarter
Master of Science in Interior Architecture and Design,https://catalog.drexel.edu/graduate/collegeofmediaartsanddesign/interiorarchitectureanddesign/,Quarter
Master of Laboratory Animal Science in Laboratory Animal Science,https://catalog.drexel.edu/graduate/schoolofbiomedicalsciences/laboratoryanimalsciences/,Semester
Master of Science in Learning Technologies,https://catalog.drexel.edu/graduate/schoolofeducation/learningtechnologies/,Quarter
Master of Legal Studies in Legal Studies (MLS) - Quarter Calendar,https://catalog.drexel.edu/graduate/schooloflaw/legalstudiesmls-qtr,Quarter
Master of Science in Information in Library and Information Science,https://catalog.drexel.edu/graduate/collegeofcomputingandinformatics/libraryandinformationscience/,Quarter
Master of Science in Machine Learning Engineering in Machine Learning Engineering,https://catalog.drexel.edu/graduate/collegeofengineering/machinelearningengineering/index.html,Quarter
Master of Science in Marketing in Marketing,https://catalog.drexel.edu/graduate/collegeofbusiness/marketing/,Quarter
Master of Science in Materials Science and Engineering,https://catalog.drexel.edu/graduate/collegeofengineering/materialsscienceandengineering/,Quarter
Doctor of Philosophy in Materials Science and Engineering,https://catalog.drexel.edu/graduate/collegeofengineering/materialsscienceandengineeringphd/,Quarter
Master of Science in Mathematics,https://catalog.drexel.edu/graduate/collegeofartsandsciences/mathematics/,Quarter
Doctor of Philosophy in Mathematics,https://catalog.drexel.edu/graduate/collegeofartsandsciences/mathematicsphd/,Quarter
Master of Science in Mathematics Learning and Teaching,https://catalog.drexel.edu/graduate/schoolofeducation/mathematicslearningandteaching/,Quarter
Master of Business Administration in MBA,https://catalog.drexel.edu/graduate/collegeofbusiness/businessadministration/,Quarter
Master of Science in Mechanical Engineering and Mechanics,https://catalog.drexel.edu/graduate/collegeofengineering/mechanicalengineeringandmechanics/,Quarter
Doctor of Philosophy in Mechanical Engineering and Mechanics,https://catalog.drexel.edu/graduate/collegeofengineering/mechanicalengineeringandmechanicsphd/,Quarter
Master of Science in Medical Science,https://catalog.drexel.edu/graduate/schoolofbiomedicalsciences/medicalscience/,Semester
Doctor of Medicine (MD) and Doctor of Philosophy in Medicine (MD) / PhD,https://catalog.drexel.edu/graduate/collegeofmedicine/mdphd/,Semester
Doctor of Philosophy in Microbiology and Immunology,https://catalog.drexel.edu/graduate/schoolofbiomedicalsciences/microbiologyandimmunologyphd/,Semester
Doctor of Philosophy in Molecular and Cell Biology and Genetics,https://catalog.drexel.edu/graduate/schoolofbiomedicalsciences/molecularandcellbiologyandgeneticsphd/,Semester
Master of Science in Molecular Medicine,https://catalog.drexel.edu/graduate/schoolofbiomedicalsciences/molecularmedicine/,Semester
Master of Arts in Music Therapy and Counseling,https://catalog.drexel.edu/graduate/collegeofnursingandhealthprofessions/musictherapyandcounseling/index.html,Quarter
Master of Science in Nanomaterials,https://catalog.drexel.edu/graduate/collegeofengineering/nanomaterials/index.html,Quarter
Doctor of Philosophy in Neuroscience,https://catalog.drexel.edu/graduate/schoolofbiomedicalsciences/neurosciencephd/,Semester
"Master of Science in Nonprofit Management: Public, Professional & Social Sectors",https://catalog.drexel.edu/graduate/collegeofprofessionalstudies/nonprofitmanagement/index.html,Quarter
Doctor of Nursing Practice in Nurse Anesthesia,https://catalog.drexel.edu/graduate/collegeofnursingandhealthprofessions/nurseanesthesiadnp/index.html,Quarter
Master of Science in Nursing (MSN) and Doctor of Philosophy in Nursing: MSN/PhD joint degree,https://catalog.drexel.edu/graduate/collegeofnursingandhealthprofessions/nursingmsnphd/index.html,Quarter
Doctor of Philosophy in Nursing,https://catalog.drexel.edu/graduate/collegeofnursingandhealthprofessions/nursingphd/,Quarter
Master of Science in Nursing (MSN) and Master of Science in Business Administration in Nursing Leadership in Health Systems Management (MSN) / Business Administration,https://catalog.drexel.edu/graduate/collegeofnursingandhealthprofessions/nursingleadershiphealthsystemsmgmtmsn-mba/,Quarter
Master of Science in Nutrition and Dietetics,https://catalog.drexel.edu/graduate/collegeofnursingandhealthprofessions/nutritionanddietetics/index.html,Quarter
Doctor of Philosophy in Nutrition Sciences,https://catalog.drexel.edu/graduate/collegeofnursingandhealthprofessions/nutritionsciences/index.html,Quarter
Master of Science in Pathologists' Assistant,https://catalog.drexel.edu/graduate/schoolofbiomedicalsciences/pathologistsassistant/,Semester
Master of Science in Peace Engineering,https://catalog.drexel.edu/graduate/collegeofengineering/peaceengineering/,Quarter
Doctor of Philosophy in Pharmacology & Physiology,https://catalog.drexel.edu/graduate/schoolofbiomedicalsciences/pharmacologyandphysiologyphd/,Semester
Doctor of Physical Therapy in Physical Therapy,https://catalog.drexel.edu/graduate/collegeofnursingandhealthprofessions/professionaldoctorofphysicaltherapycon/,Quarter
Master of Health Science in Physician Assistant,https://catalog.drexel.edu/graduate/collegeofnursingandhealthprofessions/physicianassistantcon,Quarter
Master of Science in Physics,https://catalog.drexel.edu/graduate/collegeofartsandsciences/physics/,Quarter
Doctor of Philosophy in Physics,https://catalog.drexel.edu/graduate/collegeofartsandsciences/physicsphd/,Quarter
Master of Science in Population Health Science,https://catalog.drexel.edu/graduate/schoolofpublichealth/populationhealthscience/,Quarter
Master of Science in Professional Studies,https://catalog.drexel.edu/graduate/collegeofprofessionalstudies/professionalstudies,Quarter
Master of Science in Project Management,https://catalog.drexel.edu/graduate/collegeofbusiness/projectmanagementms/,Quarter
Master of Public Health in Public Health,https://catalog.drexel.edu/graduate/schoolofpublichealth/publichealth/,Quarter
Master of Public Health in Public Health - Executive Program,https://catalog.drexel.edu/graduate/schoolofpublichealth/publichealthexecutive/,Quarter
Master of Science in Public Policy,https://catalog.drexel.edu/graduate/collegeofartsandsciences/publicpolicy/,Quarter
Master of Arts in Publishing,https://catalog.drexel.edu/graduate/collegeofartsandsciences/publishing,Quarter
"Master of Science in Quality, Safety and Risk Management in Health Care",https://catalog.drexel.edu/graduate/collegeofnursingandhealthprofessions/qualitysafetyandriskmanagementinhealthcare/,Quarter
Master of Health Science in Rehabilitation Sciences,https://catalog.drexel.edu/graduate/collegeofnursingandhealthprofessions/rehabilitationsciences/,Quarter
Master of Science in Retail & Merchandising,https://catalog.drexel.edu/graduate/collegeofmediaartsanddesign/retailmerchandising/,Quarter
Master of Science in Robotics and Autonomy,https://catalog.drexel.edu/graduate/collegeofengineering/roboticsandautonomy/index.html,Quarter
Education Specialist in School Psychology,https://catalog.drexel.edu/graduate/schoolofeducation/schoolpsychology/,Quarter
"Master of Science in Science, Technology, and Society",https://catalog.drexel.edu/graduate/collegeofartsandsciences/sciencetechnologyandsociety/,Quarter
Master of Science in Software Engineering in Software Engineering,https://catalog.drexel.edu/graduate/collegeofcomputingandinformatics/softwareengineering/,Quarter
Master of Science in Special Education,https://catalog.drexel.edu/graduate/schoolofeducation/specialeducation/,Quarter
Master of Science in Sport Coaching Leadership,https://catalog.drexel.edu/graduate/schoolofeducation/sportcoachingleadership/index.html,Quarter
Master of Science in Sport Business,https://catalog.drexel.edu/graduate/collegeofbusiness/sportbusinessms/index.html,Quarter
Master of Science in Strategic and Digital Communication,https://catalog.drexel.edu/graduate/collegeofartsandsciences/strategicanddigitalcommunication/,Quarter
Master of Science in Supply Chain Management and Logistics(MSSCML) in Supply Chain Management and Logistics,https://catalog.drexel.edu/graduate/collegeofbusiness/supplychainmanagementandlogistics/,Quarter
Master of Science in Systems Engineering,https://catalog.drexel.edu/graduate/collegeofengineering/systemsengineering/,Quarter
"Master of Science in Teaching, Learning and Curriculum",https://catalog.drexel.edu/graduate/schoolofeducation/teachinglearningandcurriculum/,Quarter
Master of Science in Television & Media Management,https://catalog.drexel.edu/graduate/collegeofmediaartsanddesign/televisionandmediamanagement/index.html,Quarter
Master of Science/Master of Business Administration in Television & Media Management (MS) / Business Administration,https://catalog.drexel.edu/graduate/collegeofmediaartsanddesign/televisionandmediamanagementms-mba/,Quarter
Master of Science in the Internet of Things,https://catalog.drexel.edu/graduate/collegeofengineering/theinternetofthings/,Quarter
"Master of Science in Transdisciplinary Science, Computing, and Engineering Design",https://catalog.drexel.edu/graduate/schoolofentrepreneurship/transcend/index.html,Quarter
Master of Laws in Trial Advocacy and Dispute Resolution,https://catalog.drexel.edu/graduate/schooloflaw/trialadvocacyllm,Semester
Master of Science in Undergraduate STEM Education,https://catalog.drexel.edu/graduate/schoolofeducation/undergraduatestemeducation/,Quarter
Master of Public Health in Urban Health,https://catalog.drexel.edu/graduate/schoolofpublichealth/urbanhealthmph/index.html,Quarter
Master of Science in Urban Strategy,https://catalog.drexel.edu/graduate/collegeofmediaartsanddesign/urbanstrategy/index.html,Quarter
