drexel_id,last_name,first_name
aa117,Afify,Ali
aa176,A,Amelia
aa611,Ayala,Alexis
aab36,Borders,Alma
aab854,Bayerl,Angelica
aac607,Clement,Aqila
aae34,English,Ann
aae48,Evans,Alison
aaf973,Forsythe,Ashley
aag601,Garcia,Amy
aah96,Handy,Ayana
aak849,King,Allie
aam74,Medlock,Adelaida
aap718,Powers,Ada
aaq902,Quistberg,Alex
aar17,Rogers,Anjelikal
aar604,Rundio,Albert
aas171,Schmidt-Ullrich,Alexandra
aas54,Sullivan,Andrea
aas592,Smith,Angel
ab301,Banerjee,Avijit
ab599,Brown,Antonia
ab793,Basu,Amit
abc74,Chatfield,Anthony
abe605,Eisenman,Andrew
abg28,Gripper,Ashley
abk582,Katz,Alison
abp40,Padilla,Albert
abs99,Susskind,Andrew
ac222,Colfer,Andrea
ac347,Carroll-Scott,Amy
ac558,Cha,Amy
ac785,Chaimovich,Aviel
acc677,Cecil,Anne
ace39,Ezeh,Alex
acg43,Ginexi,Anthony
ack258,Klassen,Ann
ack948,Karale,Ash
acl15,Lau,Alan
acl357,Lough,Amanda
acm217,Margolit,Aaron
acr28,Rickert,Adam
acs10,Shieh,Adrian
acs44,Smith,Ashley
acw73,Willkomm,Anne
ad123,Denise,Anna
ad158,Dougherty,Abby
ad235,Davis,Ann
ad252,Das,Anup
ad328,Dobshinsky,Andrew
ad854,Dasre,Aditi
ad969,Djordjevic,Alex
ada42,Aiken,Alexus
adb57,Bey,Aneesa
adb77,Baurkot,Adam
ade36,Edwards,Amy
adh974,Hooks,Angelina
adm15,Mack,Alicia
adm29,McClendon,Alphonso
ado66,Orlando,Amy
adr52,Roux,Ana
ads35,Standefer,Alison
ads67,Sullivan,Arin
adw159,Walker,Anthony
ae396,E,Allison
ae872,Ebrahimkhanlou,Arvin
aec41,Crane,Anthony
aed85,Deltoro,Alan
aee35,Evans,Arla
aeh63,Harris,April
aej25,Jone,Alexander
aem54,Meixner,Alice
aem61,Moyer,Alison
aer98,Rackes,Adams
aes383,Slaton,Amy
af144,Farnam,Amir
af151,Fontecchio,Adam
af282,Fung,Albert
af368,Florencia,Ana
af579,Fridman,Alexander
afs78,Smith,Andrew
ag143,Gora,Ama
ag416,Guez,Allon
ag541,Grinshpan,Anatolii
aga141,Arriaga,Alex
agb16,Berthold,Annette
agb301,Braithwaite,Adrian
agb339,Bell,Anthony
agd77,Devlin,Anna
age22,Esker,Angela
agi65,Irvine,Andrea
agj407,Johnson,Amanda
agj64,Jablokow,Andrei
agk49,Kopp,Alexander
agn58,Nikolaev,Alexander
ags57,Stein,Abigail
ah168,Hausig,Audrey
ah346,Hill,Anna
ah845,Haney,Alyssa
aha988,Auchincloss,Amy
ahi30,Islam,Abdellah
ahk35,Kabeer,Aiza
ahp71,Poole,Alexander
ahv72,Vasile,Astrid
aie56,Ejelonu,Akudo
aig56,Gerondelis,Ann
air82,Rubendall,Alesa
ais28,Scheim,Ayden
aj367,J,Anneclaire
aja31,Ansari,Audrey
aja86,Altrichter,Andrew
ajb97,Bracali,Anthony
ajc13,Collins,Adam
ajc54,Cianfrani,Antonia
ajc85,Culnane,Anna
ajd19,Diorio,Alonzo
ajd64,D'Alesandro,Anthony
ajd71,Danek,Abbie
ajf50,Feldman,Alex
ajf76,Furia,Alexander
ajg889,Greenberger,Alan
ajg93,Goode,Antonio
ajh64,Hurley,Aaron
ajj428,Juba,Arthur
ajk51,Knowles,Adam
ajk70,Kane,Andrew
ajl75,Laue,Alan
ajm28,Milone,Angelo
ajm33,Mcdonald,Andreas
ajm36,Marotta,Anthony
ajm87,Magenau,Andrew
ajs42,Saunders,Aleister
ajs64,Stadel,Alex
ajt50,Townsel,Andrew
ajv31,Vario,Albert
ajw69,Woody,Ann
ak141,Kurmann,Andre
ak321,Kornick,Alexander
ak493,Kenner,Alison
ak501,Klimas,Andrew
ak562,Kucyi,Aaron
ak663,Kriete,Andres
ak733,Kulkarni,Ankita
ak819,Kirilakha,Aleksandra
ak988,Kontsos,Antonios
akb202,Bolli,Amber
akc95,Cole,Amy
ake74,Erickson,Anne
akg55,Groves,Allison
akk94,Kolker,Anastasia
aks22,Stone,Alexander
akt15,Thiede,Alyssa
akt47,Tinker,Amanda
al436,Liu,Alice
al597,L,Ali
al603,Lukachik,Allison
al616,LaTorre,Ashley
ala60,Acevedo,Amanda
alb55,Bueter,Abigail
ald56,Dickinson,Ashley
alf784,Frank,Arthur
alh36,Hennessey,Amy
alk262,Kesslick,Amy
all494,Lannie,Amanda
alm39,Modica,Andrea
alm786,Mitchell,Adam
aln15,Nguyen,Anh
alr34,Reinsburrow,Amanda
alr66,Royal,Angel
als51,Stegeman,Allan
alt22,Todd-Diaz,Ashley
alt66,Throckmorton,Amy
alz52,Zahn,Adam
am328,Martinez-Molina,Antonio
am402,Manno,Adrienne
am547,Mili,Amel
am728,Magyar,Andrea
am861,Mae,Ague
ama378,Angelow,Anthony
amb28,Barron,Allyce
amb48,Bryant,Aurora
amb81,Barany,Amanda
amb99,Baima,Anna
amc21,Coward-Gilmore,Antoinette
amc71,Cole,Angla
amd31,Dower,Anne
amf39,Friedlander,Alison
amf75,Flowers,Alonzo
amh87,Hladio,Annette
amk58,Kilpatrick,Amy
aml80,Lord,Alia
aml81,Lequieu,Amanda
amm23,Madden,Annie
amm25,Mahoney,Ada
amm73,Maher,Amanda
amn83,Nezu,Art
amp524,Perry,Andrea
amp62,Porter,Abioseh
amp80,Pesce,Adrienne
amr10,Rhoads,Alexa
amr56,Roberts,Arlene
amr71,Roth,Alexis
amr72,Rust,Andrea
amt20,Tinoco,Alejandro
amt53,Tremonte,Ada
amw16,Williams,Alice
amw95,Williams,Anthony
an998,Na,Annalisa
ana83,Archer,Ashley
and41,Davella,Alyssa
anf37,Foster,Aroutis
ang31,Gardner,Arthur
ank54,Kalafatides,Alexander
anl61,Levy,Arthur
ano33,Ortega,Alexander
aoa72,Aghayere,Abieyuwa
aod501,Davis,Ashlee
aon233,Nasir,Assal
aop10,Precourt,Angela
aot16,Tallman,Ashely
ap553,Polemi,Alessia
apj54,Jackson,Anna
apm52,Macneal,Alina
apm57,Martinez-Donate,Ana
apm712,Mcgee,Allan
aps24,Saska,Arthur
aq817,Quesada,Albert
ar117,Raven,AJ
ar287,Ramaiya,Astha
ar653,Ravi,Anjani
ar978,Razi,Afsaneh
ara79,Allen,Amy
ara97,Apfelbaum,Alexis
arb462,Brewington-Brown,Adena
arb96,Bosse,Alexa
arc302,Chesley,Adrienne
arc91,Cohen,Andrew
arg165,Greenwald,Anna
arg68,Gilhool,Amanda
arh41,Haftl,Annie
arj48,Jenkins,Alexander
ark43,Kennedy,Andrew
ark97,Kreutzer,Ashley
arn528,Najafi,Ahmad
aro77,Osidach,Alex
arp23,Portner,Anne
arp275,Phillips,Andrew
arp948,Poyss,Alicemarie
ars283,Szyper,Ashley
art64,Tessler,Amanda
as342,Schulman,Alexis
as412,Suresh,Ash
as533,Sharma,Arnav
as551,Sarcevic,Aleksandra
as569,S,Ann
as579,Stuhl,Angelise
as649,Sacan,Ahmet
as672,Snover,Andrew
as946,Schnake-Mahl,Alina
asb27,Bush,Amy
asb39,Bishop,Ann
asb49,Banning,Adrian
asd88,Daryoush,Afshin
asf26,Fox,Alecia
asg87,Gallimore,Adam
asg884,Genetta,Andrew
ask86,Karamchandani,Akiko
asn238,Nash,Adam
asp313,Penziner,Alan
asp89,Palmatier,Alex
asr887,Rusgo,Allison
ast33,Torres,Andrea
ast492,Toll,Abigail
asw14,Walters,Ada
asw50,Whitfield,Amanda
atf13,Fafarman,Aaron
ats32,Stein,Abigail
ats78,Sandoval,Adrian
atv87,Vasquez,Andrew
atw12,Wade,Anthony
atw27,Williams,Andrew
atw42,Wieckowski,Andrea
av617,Vazquez,Ariel
ava31,Assetto,Anthony
avc69,Carter,Alice
avt62,Thiel-Barrett,Ann
aw258,Williams,Abbie
aw263,Wambsgans,Anthony
awb16,Breen,Anthony
awc61,Calhoun,Andrew
awc87,Caudle,Antonio
awd33,DeRitis,Albert
awh31,Howcroft,Anthony
aww24,White,Antonio
awz112,Zitcer,Andrew
ay121,Yuka,Aimee
ay879,Yousuff,Ajmal
ayb67,Bonner,Alexandra
az288,Zaya,Aprem
az529,Zavaliangos,Antonios
az547,Zebuski,Angelina
az765,Zerva,Aspasia
az856,Zelenkauskaite,Asta
ba124,Alizadehtazi,Bita
baa919,Antalosky,Brook
bab647,Boylston,Bruce
bad776,Dyer,Brenda
bae39,Eisenstein,Bruce
bak36,Kamuda,Blondell
bak85,Keller,Beverly
bal37,Luvaas,Brent
bal56,Langellier,Brent
bal81,Levine,Bruce
bap55,Pashko,Bruce
bar53,Rich,Becka
bar55,Robinson,Brett
bar58,Reiland,Brenda
bas65,Steffensmeier,Betty
bat57,Tyler,Belinda
bb118,Blair,Brittany
bb765,Binder-Markey,Ben
bb775,Bechade,Benoit
bbr294,Runyan,Ben
bbr991,Rees,Bill
bbs34,Shappell,Beatrice
bc331,Ceccarelli,Beth
bc903,Chang,Bor-Chin
bc928,Chase,Blair
bcj143,Jones,Bryan
bcp48,Pezzato,Brianna
bcs212,Sodowick,Bradford
bdc35,Chiatti,Beth
bdc81,Chapman,Bryan
bde739,Emmons,Brian
bdh632,Halvorsen,Barry
bdm34,Mcdonough,Betty
bdo21,Oakley,Benny
bdr80,Ramsey,Brenda
bdw55,Wartman,Bruce
be553,Elegbede,Bamidele
beb297,Barnett,Ben
bek21,Koester,Bryce
bel56,Litzky,Barrie
bel627,Lindaman,Benton
bem324,McCommons,Brian
bem33,Martinez,Brittanie
bey89,Young,Bobbie
bf293,Feldman,Ben
bf785,Farouk,Bakhtier
bfb54,Bricklin,Brian
bfh84,Halloway,Byron
bg765,Green,Briana
bgh56,Huerta,Beth
bgv76,Valesey,Brigitte
bh286,Huertas-Agnew,Blanca
bh616,Hogan-Zarro,Barbara
bh675,Harman,Brittany
bhr875,Rosen,Ben
bhv94,Vora,Bhavit
bhw46,Woods,Brent
bj327,Jeon,Bang
bjb49,Bagg,Benny
bjf72,Fennelly,Bill
bjh34,Howard,Brandy
bjh62,Hoekje,Barbara
bjj41,Jacob,Brandon
bjk45,Kampf,Barbara
bjn62,Nabors,Brad
bjo798,Owings,Brian
bjr21,Raymond,Beatrice
bjs73,Soto,Brian
bjt41,Tritz,Brian
bjw35,Waltz,Bertha
bjw506,Wallace,Brandon
bk109,Kane,Bridget
bk777,Kaminsky,Bruce
bkl49,Lee,Brian
bks12,Smolen,Barbara
bks54,Sacks,Bryan
bl591,Lev,Benjamin
bl647,Laverty,Bruce
bld66,Douglass,Brenda
blg887,Graham,Bruce
blk50,Kheyfets,Boris
bll36,Leonberg,Beth
bln57,Newswanger,Brian
blp70,Phillips,Bessie
blr86,Rishforth,Bryan
bls57,Stuart,Brian
bm114,McCray,Brigitte
bm121,McGrath,Brendan
bm938,Milliron,Brandy-Joe
bmb67,Burchette,Brett
bmb741,Burke,Brian
bmc77,Condon,Brett
bmd23,Dilts,Brian
bme283,Ellis,Barbara
bmf594,Florence,Brian
bmg91,Granett,Brandi
bmg938,Grein,Barbara
bmh56,Howard,Barbara
bmh79,Heidelberg,Brea
bmj87,Jeffers,Brenda
bmk88,Kalina,Benjamin
bmm21,Mills,Brenda
bmm62,Mendoza,Brian
bmp80,Petitfils,Brad
bmr53,Robinson,Brandon
bmr78,Reavey,Brooke
bms37,Seabrooks,Bertram
bn165,Nabet,Bahram
bn399,N,Brisa
bnb86,Black,Brenda
bnm255,Mckinney,Bruce
bnw20,Wilson,Bernard
bo918,Onaral,Banu
bob429,Beardslee,Brian
bp364,Paudel,Bhanu
bp604,Phillips,Beth
bpd23,Daly,Brian
bpd36,Daly,Brian
bpf36,Ferrer,Benjamin
bpm93,Moore,Brian
br636,Rayca,Bernard
brb88,Bierck,Barnes
bre86,Eckert,Brady
brl73,Lewis,Barbara
bro99,Osborne,Barbara
brp75,Pioske,Billy
bs426,Song,Bo
bsb12,Broadus,Bri
bsb29,Blakely,Bridget
bsb75,Baldon,Barbara
bse87,Escamilla,Brian
bsf31,Featherstone,Bryan
bsg70,Gray,Ben
bsm45,Mccoy,Breanna
bsm74,Mitchell,Brian
bsw97,Wong,Benjamin
bt653,Tucker,Bunny
bt812,Taskin,Baris
btf84,Finegan,Bob
bti77,Irwin,Ben
btm51,Mcculloch,Bruce
bto33,O'Doherty,Brian
btp10,Pawlowski,Billy
bts41,Sutulovich,Benny
bu621,Urbanc,Brigita
bu813,Ulcay,Beth
bv548,Valerstein,Boris
bvd40,Dimitrova,Boryana
bw352,White,Brent
bwc966,Copeland,Bruce
bwf36,Fishel,Britt
bwp16,Pollock,Bruce
bwr10,Rodriguez,Brandon
bym38,Mcaferty,Briana
bys194,Shetty,Bhupesh
ca192,A,Claudia
ca605,Andrews,Chanelle
ca754,A,Carrie
cab173,Blazer,Cheryl
cab80,Boswell,Claudia
cac20,Cash,Christina
cac43,Craig,Clint
cac51,Capaldi,Charles
caf866,Francis,Carl
cag589,Gross-Davis,Carol
cag69,Golembuski,Cynthia
cag80,Green,Carmen
cah49,Harris,Camille
cah70,Hickman,Charlotte
cah96,Heinecke,Chad
caj831,Johnson,Charles
cal15,Laincz,Christopher
cal70,LaBelle,Chris
cal795,LaBan,Craig
cam21,Mele,Carol
cam77,Maxie,Claudia
cam915,Mele,Cheryl
can27,Nordahl,Catherine
cao15,Oakman,Carrie
car256,Reed,Carolyn
car55,Romero,Craig
car86,Randall,Cheryl
cb544,Barwise,Claire
cbf976,Farrell,Christopher
cbg46,Glaser,Caryn
cbk69,Kingham,Christina
cbm108,Myers,Christopher
cbp881,Pickens,Connie
cbr23,Rodell,Chris
cbr49,Rollins,Cynthia
cbr67,Rossi,Christina
cbr72,Robinson,Connie
cbs74,Silverman,Chloe
cbu16,Urban,Carl
cbz802,Ziccardi,Charles
cc204,Chen,Chase
cc313,Cunanan,Chester
cc317,Chen,Chaomei
cc336,Campbell,Carlo
cca44,Arnot,Chrystal
ccd793,Dunn,Craig
cch11,Henderson,Christopher
ccm70,Morse,Christopher
ccs88,Strange,Catherine
ccw848,Whitaker,craig
ccy205,Yang,Christopher
cd919,Devine,Casey
cd973,Devenny,Christopher
cdb49,Bale,Cameron
cdb784,Brickhouse,Charlotte
cdb86,Baeza,Chris
cdc28,Causey,Catherine
cdc32,Campbell,Christie
cdk362,Kramer,Cynthia
cdm69,Majors,Corrie
cdm93,Mann,Celeste
cdr28,Robinson,Christine
ce395,Evans,Clyde
cea694,Amanatides,Chelsea
ceb83,Brady,Caitlin
cec24,Carey,Cassandra
cec40,Celestine,Catrina
ced746,Daner,Carrie
ceh242,Hernandez,Catherine
cej73,Jones,Chelsea
cel92,Love,Christina
cel94,Laird,Craig
cem15,Milner,Clare
cem18,Moten,Camille
cem88,Marrero,Christina
cem99,McGrath,Claire
cep92,Peiper,Chad
ces54,Stream,Charles
ces73,Shuck,Christopher
cet95,Thomas,Christopher
cfa66,Abrams,Cameron
cfj29,Johnson,Christine
cfl29,Lyttle,Constance
cfm61,Mondaini,Cecilia
cfp143,Platner,Charles
cg316,Gozu,Cuneyt
cg331,Goldstein,Chaim
cgb32,Becker,Cindy
cgb58,Broh,Catherine
cge78,Edwards,Carol
cge79,Ercole,Courtney
cgs16,Scott,Colleen
cgs34,Smith,Carol
cgs65,Sasaki,Charles
cgt48,Thomas,Claude
cgw70,Wright,Christopher
ch157,Hatcher,Chase
ch275,Hambach,Cynthia
ch508,Hunold,Christian
cha71,Adams,Christopher
che28,Elliott,Colin
chg98,Gil,Christopher
chh62,Hill,Camille
chh96,Hill,Chelsey
chl58,Lincoln,Charles
chs652,Simmering,Carl
chs84,Sirmans,Crystal
chv804,Voyles,Casper
cj745,Jordal,Christian
cj794,Jones,Cynthia
cjb29,Bridges,Charles
cjb545,Boden,Cedric
cjc603,Carroll,Chris
cjd37,Dabney,Christopher
cjd54,Dempster,Crystal
cjd90,Durkow,Carl
cje64,Edmonds,Christine
cjf11,Flores,Colleen
cjg26,Gray-Sorensen,Char
cjh43,Hirsch,Cassandra
cjh49,Helzer,Carly
cjj81,Jackson,Courtney
cjl20,Landfried,Charles
cjl219,Lacson,Clarissa
cjl59,Loundas,Craig
cjm52,Miller,Charles
cjm87,Maxey,Christian
cjr45,Robertson,Charlotte
cjr627,Rapaport-Stein,Carly
cjr63,Rodriguez,Carol
cjr905,Resick,Christian
cjs39,Segaller,Coco
cjw25,Webb,Charles
ck878,Katsinis,Constantine
ck978,Klimas,Caitlin
ckh683,Harrison,Carol
ckh93,Harrison,Cecelia
ckm97,Meyer,Clayton
ckp32,Perry,Connie
cks308,Scheinfeld,Caroline
cks93,Sanchez,Carla
ckw66,Wilder,Cynthia
ckw99,Weiss,Cynthia
cl256,Lindenau,Colleen
cl418,Lane,Chuck
cl712,Li,Christopher
clb14,Bailey,Cecilia
clg14,Grimes,Christina
clm92,Moser,Charlotte
clr36,Rautenstrauch,Charles
cls149,Steinbacher-Reed,Christina
cls41,Stevens,Christopher
cls69,Schauer,Caroline
clt30,Taillandier,Cyrille
clt73,Tedford,Consuelo
clv42,Villa,Celia
clw27,Ward,Camille
cm359,Marin,Celeste
cm696,MacLellan,Chris
cm706,Maum,Courtney
cma193,Anderson,Clara
cma24,Anthony,Carissa
cma89,Albertson,Cathleen
cma91,Anderson,Cynthia
cmd25,Donnerberg,Cecile
cmd31,Davids,Christine
cmd68,Devereaux,Christina
cmf19,Fiori,Christine
cmg73,Goucher,Charlene
cmh28,Haynes,Clifford
cmh32,Haynesworth,Colleen
cmh888,Hall,Curtis
cmk57,Kiosoglous,Cameron
cml563,Ludwig,Christina
cmm33,Mccurdy,Cornelius
cmm46,Mitchell,Christina
cmm53,Mitchell,Clifford
cmm91,Mccoy,Carlos
cmn662,Newcomb,Charles
cmn71,Nowak,Catherine
cmn88,Nezu,Christine
cmp86,Pontz,Curtis
cmr119,Richter,Chau
cms247,Satullo,Christopher
cms81,Sales,Christopher
cmt20,Thomas,Christina
cmt60,Totora,Chris
cmv36,Vida,Craig
cmv83,Vorndran,Chris
cmw14,Wright,Cooper
cmw22,Wise,Crystal
cmw37,Weyant,Chris
cnb49,Bach,Craig
cng856,Gonzales,Chris
cnh61,Haas,Charles
cno39,Oelschlaeger,Cheryl
cns72,Sacco,Chuck
cns824,Simms,Chrystal
con82,Nash,Christina
cop89,Palmer,Charles
cpf23,Finnin,Chris
cpg93,George,Christy
cpg96,Gutierrez,Crystal
cpm33,McClure,Craig
cpn13,Novzen,Cassidy
cq552,Quay,Catherine
cr281,Renz,Cheryl
cr618,R,Catherine
cra64,Anders,Christopher
crb44,Bailey,Christine
crg525,Green,Colin
crk11,Kodali,Chandrashekhar
crp49,Palo,Christopher
crr829,Rickards,Cynthia
crt90,Tracy,Cameron
cry45,Young,Christopher
cs188,Syropoulos,Constantinos
cs303,Sauro,Clare
csb91,Bond,Christina
csc366,Ciliberti,Carlo
csd76,Dixon,Chandra
csf70,Fantini,Cara
csg85,Gordon,Colin
csh44,Hogue,Chelsea
csh74,Hansen,Cathrine
csi723,II,Charles
css26,Smith,Charles
css61,Siciliano,Carol
ctb836,Bennett,Candace
cte11,Edwards,Charles
ctf66,Felder,Clayton
ctg79,Gaffney,Christopher
ctj66,Jencarelli,Caitlyn
ctl452,Lampe,Connie
ctn762,Nielson,Christopher
ctw59,Wyche,Chris
cvc34,Cerrone,Christopher
cw264,Wu,Chen-Yi
cw356,Wang,Cheng
cw576,Wang,Chen
cw954,Williams,Chihiro
cwc47,Cook,Charles
cwd568,Dailey,Christopher
cwg89,Gold,Charles
cwp354,Peters,Christopher
cys34,Spivak-Birndorf,Chava
cys46,Sherman,Carol
da403,Albert,Daniel
da675,Anderson,Drew
daa694,Appelbaum,David
dab367,Beker,David
dab78,Brady,Debra
dab89,Becher,David
dac326,Caldwell,David
dac48,Clark,Dinita
dad674,Drake,Daniel
dad74,Devine,Danielle
dad97,Davis,Darian
dae355,Estrada,Darren
dag32,Garwood,Deborah
dag54,Gillman,Derek
dag775,Green,Daniel
dai32,Irrgang,Darby
dai78,Isaac,Debra
dak966,Kreeger,Danielle
dal439,Lobel,Debbie
dam149,McGrody,Debbie
dam84,Mauriello,Dave
dar30,Riggs,Donald
dar81,Ripperger-Suhler,Daniel
dar97,Richmond,Dina
das403,Saar,Doreen
das596,Simmons,Donald
das96,Schwartz,David
db404,Brown-Davis,Darielle
db469,Bhattacharyya,Debjani
db802,Bhargava,Divya
db913,Botson,Diane
dbf26,Ferron,David
dbk885,Kurz,David
dbl82,Luttrell,David
dbm39,Mcgarvey,Domingo
dbn64,Nicols,Dwayne
dbn86,Newman,Daniel
dbp16,Puhl,Dorothy
dbs26,Schwartz,David
dbs74,Sandusky,Dan
dc473,Carvente,Daniel
dcb51,Beck,Darron
dcb991,Brewer,Devin
dcc39,Craven,Danielle
dcc84,Claassen,DC
dcd268,D'Angelo,Dana
dch277,Huntington,Donald
dck12,Kemery,Dana
dck54,Krefft,Dane
dcl32,Livingston,Daniela
dcm99,Mattern,Dawn
dcw239,Wilson,David
dcw29,Ward,Dane
dd306,Dorn,Daniel
dd954,Dai,Dan
dda19,Anderson,Don
dda59,Adams,Dominic
dda63,Anderson,Dale
ddb24,Belk,Dorothy
ddb398,Bible,David
ddb53,Brazell,Dorothy
ddc92,Chau,Dori
ddd32,DePew,Diane
ddg59,Guzowski,Donna
ddg69,Grubb,Donald
ddh34,Hill,Denis
ddh53,Harren,Donna
ddh81,Hill,Deanna
ddl47,Lachiatto,David
ddl76,Lockley,Doug
ddr57,Rivera,Daniel
dds133,Salvucci,Dario
dds99,Scholz,Delphine
ddw15,Williams,David
ddw467,Weiner,Donald
ddw92,Woodard,Derek
de181,Egel,Debbie
de792,Evans,Daryl
dea36,Agosto,Denise
deb46,Breen,David
deb59,Brown,Daniel
deb935,Braswell,Dennis
dec68,Coslett,Daniel
ded39,Davies,David
def94,Freeman,Daniel
deg60,Gibson,Deborah
deh129,Holthaus,Dean
dek773,Korschun,Daniel
del43,Leake,Donald
dem16,McDowell,Dara
den60,Niebur,Dagmar
df764,Featherston,Daniel
df853,Fafalis,Dimitrios
df972,Ferrero,David
dfc922,Crawford,Donald
dfg78,Gullo,Dominic
dfs90,Sandberg,Diana
dg492,Grinberg,Darij
dg684,Gefen,David
dgb40,Bailey,Douglas
dgf31,Fehlinger,Donald
dgh16,Hodson,Dean
dgh82,Hoffman,Dianne
dgj305,Johnson,David
dgj557,Jones,Diana
dh892,Hood,David
dha55,Appleton,David
dha60,Augenblick,Dave
dhf19,Fortune,Dennis
dhf89,Flood,David
dhm76,McMahon,Deirdre
dhp997,Phung,Donna
dj848,Jervis,Dave
dja10,Abed,David
djb55,Barrett,Donald
djb61,Bugg,Destiny
djb89,Bermeo,Dawn
djc16,Comroe,David
djc811,Costa,Dana
djc99,Casey,Dan
djd77,Dodd,DJ
djf44,Foster,Drew
djf992,Flynn,David
djg80,Greenberg,David
djg948,Graham,Deborah
djh70,Harris,Dennis
djk70,Killin,Darnell
djk79,Kulkarni,Darshan
djm18,Macaluso,Dominick
djm27,Meredith,Dara
djm90,Monte,Dominic
djp14,Pisano,Domenic
djr15,Rose,Dustin
djv23,Velinsky,David
djv53,Velinsky,David
djz42,Zemlicka,Daniel
dk317,King,Daniel
dkg52,Gardner,Douglas
dkh62,Han,David
dkk61,Kuhn,Desiree
dkw12,Woodland,Darren
dkw43,Welch,Donna
dl755,Lazar,Daniel
dlc16,Coulson,Danny
dlc476,Cevallos,Daniel
dlc86,Cook,Denise
dlf67,Frisco,Diane
dlf85,Falco,Daryl
dlg285,Greenberg,Dottie
dlj52,Jackson,Donna
dll69,Lee,Doris
dlm61,Miller,David
dlm65,Mercado,Damaris
dlm85,McEachron,Donald
dlp94,Papadopoulos,Dorothy
dlr23,Rondolone,Donna
dls37,Solomons,Delia
dls693,Schaffer,Deanna
dlw28,White,David
dm468,Ma,Dali
dm501,Morningstar,Dawn
dm769,Morrison,Danette
dm978,Murray,David
dma68,Arroyo,Daniel
dma929,Ambrose,David
dmb94,Benevento,Danny
dmc26,Caya,Dorothy
dme50,El-Sherif,Dalia
dmf46,Fahey,Donna
dmf48,Faigus,Daniel
dmg11,Goldberg,David
dmg52,Greenwell,Danie
dmg80,Gallagher,Dennis
dmh11,Haring,Donald
dmh51,Hamilton,Donald
dmh88,Haendler,Dave
dmj305,Jones,Don
dmj31,Johnson,Danielle
dmj36,Jones,Denise
dmk88,Keshishian,Debbie
dml66,Lewis,Danielle
dmm175,Murrietta,Dorothy
dmm42,Munoz,Donna
dmm58,Massuto,Daniel
dmo13,Ogunkunle,Daniel
dmr238,Rech,David
dmr395,Rossi,Diana
dms53,Smith,David
dms57,Spratlan,Daniel
dms80,Selvaggio,Dustin
dms86,Sicotte,Diane
dmt13,Trimber,David
dmw24,Wilson,Della
dnl59,LaBelle,Dmitri
dob31,Baker,Dennis
doo66,Omire-Mayor,Daryl
dp205,Pyda,Daniel
dp658,Popova,Daria
dp695,Parsram,Deborah
dp701,Papadopoulos,Dimitri
dp852,Paje',Dacia
dpc35,Colson,Douglas
dpd76,Deneen,David
dpm99,Mcalister,Duane
dpr52,Robles,Deborah
dpr55,Rose,Dan
dps59,Stott,Dahlia
dpt34,Touey,Daniel
dpw45,Waid,Daniel
dr685,Ruben,Debra
drb207,Brown,Darryl
drc91,Charbonnier,Dorothy
drf805,Fairley,Dana
drh29,Hoffman,David
drk143,Kittrell,Daniel
drm29,McIntosh,Duncan
dro56,Oliver,Donna
drs29,Simon,Don
drt34,Thompson-Sevcik,Dylan
drw56,Wolf,Denise
drz83,Zepeda,Dustin
ds548,Salas,Damian
ds666,Sukumar,Deeptha
ds941,Schexnaildre,Dixie
dsa373,Anderson,Dennis
dsb93,Brown,Demetria
dsd63,DeMatteo,David
dsh274,Harris,Donald
dsm33,Martinez,Dionicio
dsm37,Mason,David
dsn90,Nicholas,Dee
dsr26,Ronin,Diane
dss179,Seltzer,David
dsv37,Vinci-Finocchiaro,Domenica
dsw932,Wilkerson,Danny
dt953,Tzabbar,Daniel
dtf51,Fry,Dustin
dtf66,Foster,Deborah
dtl65,Leach,Daniel
dtp68,Perry,Donald
dts85,Szczesny,Donald
dv554,Vista,Dimitra
dvd71,Drake,Dayle
dvm22,Mitchell,Dana
dvp53,Porpora,Douglas
dw912,Way,Denise
dwd33,Driscoll,Daniel
dwm231,Moix,Daniel
dwm51,McMahon,Desmond
dwp63,Perry,Donald
eac384,Campbell,Elizabeth
eaf99,Friedman,Eve
eah802,Hakanen,Ernest
eak39,Kessler,Eli
eal874,Lara,Eddie
eam24,Marian,Esther
eap52,Palmer,Evelyn
eat89,Tomaszewski,Elizabeth
eau88,Urban,Emily
eaw36,Ward,Elizabeth
eaz90,Zillmer,Eric
eb466,Benamy,Erica
ebb23,Beall,Edith
ebb818,Bataille,Edner
ebd271,Daeschler,Edward
ebh62,Hayden,Evon
ebk79,Khosroshahi,Ehsan
ebr72,Rymshaw,Eric
ebs67,Stuart,Elizabeth
ec225,Cohen,Elena
ec802,Chrysikou,Evangelia
ecb79,Blandford,Elizabeth
ecb98,Behrendt,Edwina
ech348,Harris,Ernest
ecj50,James,Evan
eck82,Kumbur,Emin
ecs34,Sull,Errol
ecv74,Vedder,Edna
eda91,Arnheiter,Edward
edc29,Cummins,Ethel
edc47,Chernak,Esther
ede86,Euiler,Elizabeth
edf35,Feld,Ellen
edl83,Londono,Eugene
eds48,Scheidly,Eric
eec72,Carr,Eric
eed62,Durkin,Erin
eeg63,Gallagher,Erin
eej12,Janes,Emily
eem23,Morris,Emery
eem88,Mccourt,Erin
eeo54,Olsen-Robinson,Eydis
eer25,Rios,Eric
eev91,Vandermark,Eric
eew25,White,Ebony
eff354,Fleming,Eric
efk36,Koku,Emmanuel
efn69,Nelling,Edward
eg513,Giarelli,Ellen
eg721,Glackin,Emma
eg943,Goldberg-Johnson,Elizabeth
egp63,Provencher,Elias
eh643,Hammond-Ritschard,Elizabeth
ehw341,Warrick,Elizabeth
ehw99,Worth,Eli
eic42,Collier,Eva
eih59,Heifner,Emily
ej417,Joteva,Eli
eja72,Arena,Evan
ejb38,Bruch,Edmund
ejb88,Bass,Ellen
ejb89,Boyd,Erik
ejb90,Baumann,Edward
ejb913,Barrington,Erika
ejc98,Clark,Elsie
eje68,Erwin,Emmett
ejf20,Foster,Edward
ejg58,Gracely,Ed
ejh56,Hart,Eammon
ejm12,McLaurin,Elease
ejm38,Marshall,Emilio
ejm40,Martinez,Edward
ejm933,Mautone,Elmer
ejr979,Rhenals-Narvaez,Eddy
ejs11,Selby,Erica
ejs49,Shoemake,Eula
ejs62,Staurowsky,Ellen
ejs96,Schmutz,Eric
ejt55,Thomson,Elana
ejt667,Thorpe,Elizabeth
ejv12,Vogt,Eric
ek108,Kleckner,Erica
ek172,Kina,Elvisa
ek277,Kim,Edward
ek417,Kim,Euisun
ek887,Kimball,Elizabeth
ekb94,Behel,Elsie
ekg94,Gates,Elizabeth
ekk145,Kelting,Emily
eks19,Springer,Erica
eks989,Snelling,Emma
el905,Lopez,Erin
elb821,Brobson,Erin
elc19,Castro,Erin
elc38,Clay,Ellen
eld22,Danziger,Evan
elh174,Haslam,Elizabeth
elj72,Jones,Ebony
elk59,Kagan,Elizabeth
elk96,Kaminsky,Elizabeth
ell35,Lang,Eddie
elr74,Roca,Edna
els33,Sherman,Ellen
els41,Smith,Edward
els94,Sharpe,Eleanor
ely34,Yamasaki,Elizabeth
em594,McNamara,Elizabeth
em755,Milroy,Elizabeth
ema713,Alexiou-Reo,Evangelia
emb63,Bryers,Elise
emb736,Barclay,Elaine
emc91,Cramp,Edward
eme835,Erne,Elaine
emf10,Feit,Elea
emf63,Fich,Eliezer
emf78,Forman,Evan
emh19,Humes,Ervin
emh22,Hughett,Ella
emh26,Herring,Emily
emh48,Hennessey,Edward
emk843,Krespan,Elise
emp521,Patella,Elizabeth
emt92,Thury,Eva
emw638,Wylie,Emily
enh48,Howard,Ethan
enh62,Harris,Eva
ep219,Polyak,Emil
ep973,Pomerantseva,Ekaterina
epk50,Karnes,Eric
eps136,Sundquist,Erik
era371,Ahmed,Emad
erb91,Briggs,Enrique
erf931,Farmer,Ellen
erg35,Graham,Eugene
erl51,Long,Esmeralda
es804,Sun,Eric
es968,Stephanie,Ellen
esf96,Falkowski,Edward
esh58,Hatfield,Eleanor
esj416,Jackson,Edna
esp36,Pearson,Elaine
esq61,Quinn,Elizabeth
esr48,Robertson,Enola
esr94,Ruiz,Emmanuela
ess70,Serrano,Eric
esv23,Valdez,Elizabeth
etb54,Brewe,Eric
etf54,Fowler,Edward
etk86,Kmiotek,Emily
ets636,Spiliotis,Elias
ev343,Vanovskaya,Ekaterina
ev467,Victoria,Eugenia
evs136,Seibel,Elvia
ew174,Wood,Ezra
ew658,Watson,Elizabeth
ewh26,Herr,Eric
ewj27,Jones,Edward
ewr74,Robbins,Eli
ews216,Smith,Earl
ey721,Yan,Erjia
fab50,Bellinghausen,Fern
faf863,Ferrone,Frank
fak74,Knight,Frank
fam82,Montalto,Franco
far48,Rowe,Frank
fbt76,Tomson,Francis
fbt82,Taylor,Freddie
fc253,Chowdhury,Fairuz
fc978,Carreon,Fernando
fcm55,Marziani,Frank
fct30,Trickett,Fay
fcw18,Watts,Florence
fda48,Allen,Fred
fda69,Adams,Francis
fdm44,Moton,Francis
fe456,Elefant,Felice
fer934,Rodriguez,Frank
ffb791,Burnett,Frank
fff12,Fleming,Fraser
ffs85,Sullivan,Felicia
fg385,Ghashami,Farnaz
fhc11,Cornelius,Fran
fhl445,Light,Frank
fhp97,Phillips,Francisca
fiv55,Vokolos,Filippos
fjb69,Barber,Floss
fjb87,Berry,Frank
fjd81,DiCostanzo,Fred
fjl703,Lee,Frank
fjo76,Osborne,Frank
fjq532,Quinones,Frank
fjr17,Ritter,Frances
fjs53,Stripling,Felicia
fjs56,Short,Frederick
fjt41,Topping,Floyd
fjw58,Wendling,Frances
fk813,Kentatchime,Fabrice
fkr19,Rapisarda,Francis
fkr72,Reisman,Fredricka
fl498,Lu,Fei
flp88,Plotnick,Fredric
fmc22,Cohen,Ferne
fmi768,Ierardi,Florence
fmp29,Pepin,Frank
fp236,Padovani,Flavia
fpt25,Temple-West,Frances
fr872,Rahim,Forogh
frs70,Shapiro,Finley
fs821,Siegel,Fred
fsc37,Cohen,Fernand
fss37,Shields,Frank
ftk88,Kim,Frances
fvp99,Phelps,Flora
fyp956,Partovi,Fariborz
fz462,Zhang,Fengqing
fzl97,Le-Scherban,Felice
gaa42,Asberry,George
gab353,Blake,Greyory
gam43,Maloney,Gabrielle
gam46,MacMillan,George
gan79,Ndubizu,Gordian
gbm87,Mainland,Geoffrey
gbr86,Russell,Gwenn
gcg73,Godfrey,Gladys
gch74,Hauer,Gladys
gcl66,Lauseng,Giuseppe
gct70,Then,Glenna
gd357,Dion,Genevieve
gda738,Ashman,Gavin
gde50,Ehrlich,Garth
gdh39,Hale,Glen
gdm32,Myers,Glenn
gdr50,Rosen,Gail
gds41,Smith,Grant
gef86,Foley,Georgeanna
geg78,Gonzalez-Kruger,Gloria
geo77,Ottinger,Gwen
gf799,Friedman,Gennady
gfs214,Spasiano,Gerald
gfs50,Strachan,Gerald
gfw71,Wiseman,Gregory
ggh97,Hsuan,Grace
ghc621,Contreras,Gregory
gik238,Kuriloff,Gabriel
gjc60,Cortez,Glen
gjj214,Jeschke,Giuseppe
gjj77,Janis,Gale
gjl56,Lang,Gregory
gjr771,Reed,Gina
gjs172,Salomone,Giuseppe
gjw44,Wiesner,Gloria
gjw68,Wright,Gregory
gjz17,Zegestowsky,Gwen
gkb29,Burkitt,Gene
gke12,Edwards,Grace
gl905,Long,Galen
glb988,Byrd,Glenda
glc62,Cornell,Gladys
glc77,Cook,Gladys
glf64,Frost,Gary
glh23,Hatterschide,Grace
gll50,Lory,Grace
glp60,Prehn,Gertrude
glr337,Ruff,Gwendelyn
glr81,Rosen,Gail
gm325,Medvedev,Georgi
gm473,Muschio,Glen
gmf50,Frey,Gabriella
gmg14,Garrett,Gerre
gmh95,Hooper,Gerard
gml16,Lay,Gregory
gmm26,Moreno,Gilbert
gmm29,Mandel,Gabrielle
gmm94,Menda,Girish
gmp124,Porrecca,Gen
gmr61,Rains,Gloria
gms48,Salib,Gabrielle
gmy217,Yacovelli,Gina
gno536,Onell,Georgie
gns231,Smith,George
gnw39,Williams,Glenn
gob19,Blanzaco,Galen
gp419,Probst,Greg
gpj96,Jewell,Gregory
gpn88,Nini,Gregory
gpt52,Tsetsekos,George
gr245,Rosenberg,Gary
grm79,Mccomb,Gerald
grm94,McCardle,George
grp76,Palmese,Giuseppe
grs28,Simpson,Gideon
grs942,Stern,Gwen
grw52,Wilson,Ginny
grw81,Win,Grace
gs239,Swift,Gwenn
gs285,Schwenk,Greg
gs676,Serbest,Gul
gsa95,Albright,Greg
gsd97,Diamond,Guy
gsk80,Kim,Grace
gsl79,Lovasi,Gina
gsp432,Peavler,Gilberto
gst83,Troutman,Gregory
gtk54,Karapetrov,Goran
gtr81,Richards,Gordon
gwh45,Hislop,Gregory
gy109,Yamada,Goro
gy443,Yang,Guang
gz423,Zhou,Gongyao
ha969,Ayaz,Hasan
hab94,Bachleda,Hazel
hah387,Heffner-Solimeo,Hope
hah56,Hahn,Helen
hah69,Houk,Henry
hak27,Kim,Hyun
ham18,Miley,Henry
haw37,Webb-Petersen,Heather
hb337,Bernard,H.
hbj28,Johnson,Heidi
hc225,Christie,Heather
hc496,Cooper-Watts,Hazel
hc522,Cheng,Hao
hc848,Chang,Hsihui
hcf17,Fryman,Heather
hch86,Haas,Heather
hct51,Tissot,Hegler
hd571,D,Hilde
hdc23,Carlisle,Herbert
hdm24,Maragah,Hazem
hdo82,Osborne,Harvey
hea11,Anderson,Hannah
hes81,Smith,Henry
hfc342,Clark,Hector
hg561,Givler,Harley
hgm30,Moqtaderi,Heather
hgm98,McLaughlin,Heather
hgo19,Obryon,Hector
hgp97,Pearson,Haigen
hh464,Hammer,Heather
hh595,Homza,Henry
hh908,Huang,Hansheng
hhe56,Evans,Helen
hhh42,Hickmott,Herbie
hhj11,Joo,Helen
hhj81,Jang,Haru
hhy56,Yursa,Hope
hi653,Israeli,Henry
hj418,Jamasbi,Homer
hj989,Ji,Haifeng
hjb79,Blair,Holly
hjc12,Colby,Henry
hje74,Ennis,Harold
hjg88,Gwin,Heather
hjh48,Haon,Harry
hjj974,Jewell,Harry
hjm72,Macon,Heather
hjr76,Russell,Hipolito
hjr85,Rudy,Helen
hjs113,Smith,Homer
hjs866,Sokoloff,Harris
hjs95,Sowers,Harold
hjw15,Woerdeman,Hugo
hk704,Koyama,Hiromi
hk938,Kim,Hyeju
hks63,Schlagel,Helen
hkt108,Tatsch,Helen
hl299,Lee,Hyunmin
hl329,Liang,Hualou
hlb78,Brossman,Heather
hlc79,Choy,Hiu
hld232,Downs,Hannah
hlm832,Millan,Harriet
hlt34,Teng,Helen
hlw10,Willever-Farr,Heather
hmc96,Chu,Hengyi
hmf35,Furjan,Helene
hmi96,Ingram,Herbert
hmk59,Kirk,Harper
hmo10,Olin,Hannah
hmp507,Palmer,Hannah
hms36,Slater,Hilary
hnd466,Davis,Helen
hns98,Sawyer,Holly
hob57,Badr,Hussein
hp265,Ping,Hechun
hr856,Rosenbrien,Helen
hr918,Ruff,Hayden
hrc50,Choi,Harry
hrl991,Laird,Heather
hrt83,Tegeler,Harry
hrw64,Wages,Hunter
hs984,Syed,Hassan
hsq58,Quick,Harrison
hst50,Texeira,Heather
htb62,Botsford,Helen
htd79,Darragh,Harold
hth332,Hughes,Hubert
htr33,Rasmussen,Harriette
htt682,Tripp,Homer
hv568,Vazquez,Henry
hwi64,Ingle,Harold
hyb49,Benson,Hande
hz254,Zeng,Huiruo
hz327,Zhang,Hua
ib286,Burstyn,Igor
ib398,Bartoli,Ivan
ib511,Barias,Ivan
ib516,Baraban,Irina
ibz549,Zimmermann,Ian
ic811,Chaiken,Irwin
icn61,Nichols,Ian
ide806,Erickson,Ivan
idw33,Woods,Isaac
ieh82,Headen,Irene
ifz61,Zakeri,Issa
ihl31,Lokuge,Ishan
ijc14,Cihak,Izzy
ijg90,Gilley,Ingeborg
ik585,Keren,Ido
im597,Margolis,Ilana
imn15,Nedelcu,Irina
in532,N,Irina
inp726,Perez,Imogene
iof15,Foster,Inez
ir862,Ralph-Uyalor,Ive-Anwuli
irt704,Tanner,Ilene
is225,Song,Il-Yeol
is396,Savidis,Ioannis
itr66,Robinson,Idris
itt70,Totman,Irving
ivb82,Buynevich,Ilya
iy577,Yadav,Isha
iz134,Zaheer,Imad
ja141,A,Jose
ja235,Ataiants,Janna
ja306,Awerbuch,Jonathan
ja761,Armon,Jan
ja928,Aitken,Joanne
ja965,Aramburo,Jody
jab26,Breen,James
jab39,Berry,Jeffery
jab42,Benitez,Jose
jab95,Blazina,Jen
jac14,Cohen,Jessica
jac93,Carroll,Jen
jad41,Dodia,Jay
jad753,DiVita,Joseph
jaf36,Fagliano,Jerry
jaf621,Fender,Jason
jag32,Giering,Judith
jag62,Garibnavajwala,Jeimin
jag72,Graham,Joan
jag89,Gardner,Juanita
jah15,Hirsch,Jana
jah17,Holton,Johnathon
jah263,Hartz,James
jah50,Hessel,Jessica
jah90,Haddad,Jordan
jak60,Kolker,Jennifer
jal85,Liss,Jonathan
jam67,Mellen,Jillian
jam72,McGinnis,Josh
jam856,Mahaffey,Jill
jam99,Miller,Judy
jan98,Nasser,Jennifer
jap35,Perrette,Jennifer
jap56,Prado,Jose
jap62,Pittman,Joyce
jar14,Rolling,Jeanette
jar36,Roberts,Joel
jar44,Rich,John
jar45,Russell,Jacob
jas128,Stieb,James
jas22,Shiffert,John
jas23,Smith,Jesse
jas49,Spatz,Jeffrey
jas58,Shackleford,James
jas93,Stanley,Jeffrey
jat229,Taylor,Jennifer
jav69,Valore,Jennifer
jaw11,Welliver,Joyce
jaw21,Weiss,Joshua
jaw64,Wolfe,Justin
jb167,Borock,Jackie
jb531,Bushelli,Julian
jb582,Boyle,Jon
jb847,Brill,Joyce
jb976,Bradt,Joke
jb999,Bergey,James
jba53,Aguinaldo,Julie
jbb42,Blaylock,Jean
jbb79,Baxter,Jason
jbb86,Boris,Jason
jbc72,Case,Jessica
jbd615,Dougherty,Jaimie
jbd94,Derstine,Jill
jbg49,Gompf,James
jbh124,Henderson,John
jbh29,Herschman,Jake
jbh50,Hughes,Joseph
jbj52,Jennings,Jocelyn
jbk83,Klotz,Judith
jbl74,Lerner,Jerrod
jbm27,Mullin,Jean
jbp50,Pintor,Jessie
jbp66,Penrod,Jacqueline
jbs30,Schweikert,Jennifer
jc382,C,Jaudelice
jc426,Cai,Jay
jc764,C,Juliane
jc823,Chen,Jason
jc842,Caruthers,Jakeya
jc877,Cooper,Jeremy
jc956,Cannan,John
jca23,Agar,Joshua
jcb42,Brown,Jacob
jcb69,Beiler,Jan
jcc938,Cashman,Joanne
jcd12,Dowdy,Jimmie
jcd47,Deiner,James
jcg39,Griffin,Jane
jch74,Horn,Jennifer
jck636,Kirkpatrick,Judith
jcl22,Lowe,James
jcl75,Leventry,Jeffrey
jcm601,McKinney,James
jcr546,Rickett,Jessica
jcs60,Swilley,Jaime
jcs93,Stephens,Joey
jd275,Doug,J.
jd527,Dixon,Jaylynn
jd954,Drzymalski,Julie
jda60,Asbury,Jeremy
jda976,Aburto,Julie
jdb12,Benjamin,Joshua
jdb55,Blasiak,Jonah
jdb65,Bailey,Juanita
jdc12,Caum,Jessica
jdc45,Carlock,James
jdc96,Chacon,Jose-Antonio
jdd42,Dunn,Jasmine
jdg212,Griffith,James
jdh34,Hall,John
jdh52,Hummel,Jonathan
jdk90,Knight,Jesse
jdl32,Lerud,Joseph
jdl80,Lindsay,Jeff
jdm471,Medaglia,John
jdm50,Morris,Josephine
jdm72,Macdonald,Johnnie
jdp14,Piscopo,James
jds10,Solomonic,Jordan
jds36,Stidham,Jose
jds42,Smith,Jerry
jds49,Soltis,John
jds99,Snyder,Joshua
jdt80,Tracey,Jasmine
jdw23,Woods,Jose
jdw51,Weckstein,Jason
jdw53,Weldon,John
jdy80,Yusin,Jennifer
jdz459,Zander,June
jdz99,Zelkind,Jeremiah
jeb18,Baran,Jonathan
jeb48,Bullard,Jeff
jec26,Creane,Jessica
jec27,Clougherty,Jane
jec58,Connell,James
jee18,Eagleton,Joseph
jef20,Fleetwood,Janet
jeg28,Gambrell,Justin
jeg341,Goepel,Jim
jeg371,Grocki,Jennifer
jeh167,Hobratsch,Jonathan
jej87,Johnson,Jasmine
jel13,Lambert,Jodi
jel33,Lucas,Julie
jem55,McDonald,Jamie
jem91,McPeak,Joseph
jeo942,Oestreich,Joel
jep89,Pascoe,James
jer26,Ruggiero,John
jer65,Rast,Jessica
jer831,Ruffin,Joel
jes13,Schill,Jennifer
jes46,Spanier,Jonathan
jes53,Spanier,Jonathan
jes84,Shaw,Jonathan
jew71,Wengerd,John
jf487,F,Juliet
jf626,Fotiadis,John
jfb22,Brice,Jeff
jfb71,Ballenger,Jesse
jfc15,Cook,Jessica
jfd19,Domzalski,John
jfd33,Donovan,Jane
jfg11,Gregory,Joseph
jfh82,Hunt,Joshua
jfk47,Krieger,Jeffrey
jfk76,Kilpatrick,Jessica
jfl27,Levine,Jeff
jfm53,McCloskey,Janel
jfn42,Nickerson,Jason
jfr23,Redmond,Judy
jfs35,Serembus,Joanne
jft49,Thompson,Joshua
jg235,Goddy,Julian
jg353,Gladstone,Julia
jg505,Greenberg,Jane
jg597,Goldman,Jesse
jg792,Gailey,Jacquelin
jg967,Grenier,Jaclyn
jgd26,Dewan,James
jgg55,Gilbert,Jayakumar
jgg87,Gdovin,Josh
jgk72,Kahele,Juan
jgl36,Luckey,Julie
jgm42,Maxcy,Joel
jgm49,McBride,Jenna
jgr146,Rader,Jeffrey
jgr59,Radcliff,Jenna
jgr97,Ryan,Jane
jh148,Hiller,Jeffrey
jh586,Huh-Yoo,Jina
jh619,He,June
jha63,Adams,Jennifer
jhg129,Gasca,James
jhh446,Hancock,Joseph
jhj29,Jeffrey,Jennifer
jhj36,Jackson,Julio
jhl24,Larnerd,Joseph
jhm83,May,Julia
jhs92,Speidel,John
jhw42,Wilson,John
jj797,Jeong,Jaeyoon
jja20,Amon,Joe
jja21,Almeida,Joshua
jja92,Alexander-Floyd,Jasmine
jjb51,Benton,Jami
jjb66,Blume,Jim
jjb89,Becker,James
jjc123,Cole,Juanita
jjc162,Carter,Janet
jjc65,Clark,John
jjd31,Dorsey,John
jjd84,Davis,John
jjg19,Goodman,Jon
jjg951,Gibson,Jenifer
jjh54,Hughes,John
jjj68,Johnson,James
jjj78,Johnson,James
jjk85,Kebea,Jennifer
jjk86,Kinzel,Julie
jjl14,Lynskey,John
jjl30,Lo,James
jjl83,Lee,Johnny
jjm15,Moore,Joseph
jjm44,Mendoza,James
jjm491,Martin,Jose
jjm715,Magner,Johanna
jjm86,Maisonneuve,Jeff
jjm89,Manson,Joseph
jjo83,Obrien,Jennifer
jjq11,Quinlan,Jennifer
jjr91,Rhodes,Jeff
jjr98,Ricard,Jerome
jjs66,Simenthy,Jevelson
jjs75,Sarver,Joseph
jjs77,Scepaniak,Jeremiah
jjs83,Smith,Jacobie
jjs88,Smith,Jason
jjt78,Taxiera,John
jjt973,Thazhathel,JT
jjv45,Vance,Joseph
jjw47,Williams,Joey
jjw94,Westphal,Jake
jk271,Kounios,John
jk306,Kilmartin,Jackie
jk806,Kratzer,Jessica
jk845,Kohl,Jon
jk972,Kushner,Jason
jk985,Koplin,Joshua
jka35,Adams,Jonathan
jkc42,Cataline,Jodi
jkg242,Gelhaus,Jon
jkg39,Gordon,June
jkh26,Hatala,Juli
jkk58,Keaton,Jean
jkl21,Lill,James
jkl681,Lewis,James
jkl96,Lunderby,Jacob
jkp16,Pritzker,Jennie
jkr24,Roesser,Joshua
jks10,Sweeney,Jennifer
jks75,Salvage,Jeff
jkt80,Thomas,Jason
jkt90,Thomas,Jack
jkw416,Wilson,Jerica
jkw72,Wille,James
jkw73,Williams,Joyce
jl173,Lee,Jinwook
jl316,Lee,Jeongsik
jl427,Lopez-Rios,Javier
jl808,Lequieu,Joshua
jlb16,Beard,Jeffrey
jlb18,Browns,Josh
jlb24,Britton,Jennifer
jlc46,Chavez,Jose
jlc61,Chou,Jessica
jlc62,Coates,Jennifer
jlc70,Cummings,Jennifer
jlc90,Colton,Julia
jlf71,Fischer,Jordan
jlg29,Golek,Jennifer
jlg44,Graff,Jody
jlh25,Haak,Jodie
jlh66,Hmurovic,Jillian
jlh86,Hober,Jessica
jli94,Illuzzi,Jeanne
jlk69,Kline,Judith
jlk78,Kephart,Josiah
jll74,Ludwig,Jamie
jlm244,Matthews,Jennifer
jlm32,Murphy,Jackie
jlm61,Muraoka,John
jlm645,Miller,Jacob
jlp67,Popyack,Jeff
jlr39,Rodriguez,Javier
jls92,Schwartz,Jennifer
jlt56,Tangorra,James
jlw47,Womack,John
jlw74,Walsh,Jane
jm254,McDaniel,John
jm323,Myers,Jennifer
jm713,Mainwaring,Jesse
jm808,Mak,Jamie
jm918,Moody,Joy
jmb61,Boswell,John
jmc60,Conley,Jane
jmc631,Curlee,Judith
jmd12,Day,Jessica
jmd326,Deutsch,Jonathan
jme30,Eberth,Jan
jmf44,Frost,Jemma
jmg11,Gould,John
jmh21,Hyatt,Jordan
jmj12,Janssen,Jennica
jmj71,Jenkins,Jonathan
jmk51,Kovalski,Julia
jmk748,Kimpel,Jessica
jml217,LaComb,Jeffrey
jml56,Lausch,John
jml659,Licata,Jane
jmm25,Mcclanahan,Jack
jmm354,McCurdy,Jackie
jmm609,MacPherson,Janna
jmm65,Martinez,James
jmn309,Naef,Judy
jmp462,Piper,Justin
jmp97,Pizzo,Joanne
jmr15,Rhoads,Jaclyn
jms14,Stigall,John
jms18,Sluzenski,Julie
jms24,Santucci,Jack
jms57,Steuber,Jeanne
jms75,Stengel,Joyce
jms94,Sloand,Janet
jmv35,Valsin,Jack
jmw26,Waite,Jeanne
jmw39,Walsh,John
jmz734,Zerangue,Josh
jmz991,Zlotek,John
jnn154,Niemiec,Jacklynn
jns48,Smothers,Jason
jns73,Sadashige,Jacqueline
jns80,Sacco,John
joc98,Castagnera,James
jp213,Park,Jung-Ran
jp456,Phillips,Joy
jp476,Pereira,Joel
jpa67,Anton,Joseph
jpb22,Bailey,Jimmy
jpb72,Balch,Jerome
jpc63,Casale,Johanna
jpc90,Coppola,John
jpf26,Foley,Joe
jpf38,Foley,Joe
jpk59,Kuehne,John
jpm32,Martin,Joseph
jpp605,Purtle,Jonathan
jpp63,Peskin,Joshua
jpr69,Rodriguez,Joel
jps56,Silversmith,Jessie
jps72,Schleusner,Joseph
jps77,Stimpson,Jim
jps869,Street,Julia
jpt98,Toole,James
jpv525,Voorhees,Jeremy
jpw69,Wiley,Julie
jra25,Apruzzese,Jeffrey
jrb13,Briggs,Jimmie
jrb33,Bethea,John
jrb35,Blaine,John
jrb45,Breaux-Kutcher,Jennifer
jrb53,Bunting,James
jrb695,Botello,John
jrb76,Bussey,James
jrd92,Drake,Jean
jrf23,Fisher,James
jrf73,Fama,Jeffery
jrf80,Flory,Justin
jrg92,Goodman,Julie
jrh29,Harris,James
jrh52,Havlik,John
jrh70,Harvey,James
jrh749,Hoffman,Jesse
jrj98,Johnson,Jeremy
jrk353,Kurtz,Roger
jrl91,Leonard,John
jrl93,Lacovara,Jennifer
jrm27,Marsini,Joe
jrm56,Moses,Jill
jro25,Otto,Julia
jro60,Olszewski,Jennifer
jrr47,Ryder,Joel
jrs57,Sweet,Jamie
jrs96,Stalker,Jennifer
jrt43,Tarquini,Jocelyn
jrw19,Winn,Joseph
jrw70,Williams,James
jrw988,Weidler-Lewis,Joanna
jry613,Yagecic,John
js125,Sayers,Jah-Elyse
js222,Silverman,Jason
js388,Song,Jihyun
js424,Scandura,Jeanne
js715,Stendardo,Jaizelle
js897,Sherlock,Joan
js957,Sessa,Jocelyn
jsa18,Atchison,Jennifer
jsa35,Acosta,Jerry
jsa72,Aran,Jason
jsd56,Doheny,Jessica
jsg74,Giles,Joy
jsm98,Morley,Jennifer
jso73,Oflazian,Jerry
jss16,Steinhardt,Joseph
jss262,Stanford,Jennifer
jss41,Schupbach,Jason
jss77,Seberger,John
jss99,Sefcik,Justine
jst645,Telford,Janet
jsw835,Walker,Joseph
jsy563,Yu,Jasmine
jta393,Austin,Jason
jtb14,Bird,John
jtb30,Basha,Jennifer
jtb65,Beezley,Jose
jtb96,Bailey,Jordan
jtc888,Calnick,Joe
jtd81,Defazio,John
jtf19,Falkowski,Jake
jtf22,Foreman,Jamison
jtg34,Glaubitz,John
jtj26,James,Jaime
jtk98,Kuntz,Jane
jtl70,Lessard,Joshua
jtm58,Mitchell,John
jtt84,Teasley,Jesus
jtw42,Williams,Jemina
jv601,Volcic,Jurij
jva20,Avarese,John
jvb22,Barrett,James
jvl79,Loewy,Joanne
jvm57,Mead,Jerry
jvr73,Rooks,Janelle
jw417,Williams,Jake
jw488,Woodring,Jeremiah
jw864,Wen,Jin
jwb16,Barrio,John
jwb522,Blumberg,Joan
jwb85,Buehler,James
jwc72,Cargle,Jose
jwd32,Doyle,John
jwf506,Frenz,Jeffery
jwm289,Miller,Jonson
jwm69,Mooney,Jentzen
jwr76,Rinier,James
jwr80,Rowe,James
jws238,Seitz,Jonathan
jws64,Shpiece,Jacob
jws97,Strickland,Jack
jwt26,Thompson,Jervis
jwv64,Venderbos,Jorn
jwv80,Via,John
jx377,Xiao,Jingni
jx785,Xi,Jun
jy821,Yearley,John
jyl18,Lo,Jade
jys976,Son,Jina
jz668,Zhang,Jintao
ka748,Avery,Katy
kab36,Blackstone,Kaisha
kab55,Barbee,Kenneth
kac49,Clark,Kathleen
kac78,Cooke,Kimberley
kad58,Deily,Kelly
kad671,Dettmer,Kathryn
kae934,Edmondson,Keiko
kaf14,Fitzpatrick,Kerry
kaf26,Fiocca,Katherine
kaf908,Fidanza,Kelly
kag49,Gadlin,Kimberly
kag63,Goldschmidt,Karen
kaj70,Joyce,Kelly
kak51,Knudtson,Karen
kal867,Lutes,Kevin
kam18,Madden,Kerry
kam30,McClellan,Kimberly
kam31,Mathew,Katie
kam42,Mulhorn,Kristine
kam56,Mathewson,Kathleen
kas53,Stegeman,Karen
kas69,Swanson,Kathryn
kb784,Bingham,Kenneth
kbd80,DeMaria,Kyle
kbo18,O'Connor,Keli
kbp61,Pelzer,Karen
kbs71,Siegel,Kathy
kc372,Chen,Kenneth
kc734,Curry,Karen
kcb178,Bohrer,Ken
kcg51,Greenwood,Kimberly
kcg79,Gover,Kimberly
kcm659,Martin,Kathleen
kcr78,Roche,Kevin
kcr81,Roe,Kenneth
kcu47,Uriarte,Kathleen
kcw31,Wuebbling,K.C.
kdb38,Brady,Keith
kde75,Egan,Kevin
kdf425,Fleck,Kathy
kdg18,Gazzara,Kevin
kdj978,Jones,Kenneth
kdm798,Meredith,Kasey
kdo10,O'Connor,Kyle
kdo88,O'Mara,Kerry
kdp63,Piselli,Kate
kdq23,Quigley,Kelly
kdr91,Rosenholm,Kelly
kdt48,Tuttle,Kim
kdw58,Williams,Kofoworola
kdw62,Ward,Katherine
ke416,Edouard,Kareem
kec38,Clark,Kyle
ked108,Dilks,Katherine
keg76,Gard,Kevin
kek80,Kelly,Kristy
kel85,Linton,Kendra
ken44,Nelke,Kenneth
keu86,Underman,Kelly
kev85,Velocci,Kayla
kf813,Forrest,Kris
kff45,Freeman,Karen
kfh57,Hughes,Kathryn
kfj72,Jacobs,Ken
kfl88,Lenhart,Kari
kfv72,Vresilovic,Kelly
kg137,Garcia,Kimberly
kg836,Go,Kristine
kgh53,Hunt,Kristine
kgo48,Owens,Kevin
kgs97,Siegert,Karl
kgw90,Wyche,Kahlil
kh216,Hayes,Kristen
kh803,Han,Keunah
kh838,Heilbrun,Kirk
khb64,Brogdon,Karen
khf39,Fujimoto,Kyla
khm999,Mannino,Kenneth
ki904,Izzetoglu,Kurtulus
kja341,Avery,Kenneth
kjb38,Butler,Kendall
kjd20,Drab,Kevin
kjd65,DeRenzo,Keith
kjd81,Dilks,Katie
kjk53,Kaschock,Kirsten
kjm75,Morse,Kate
kjm79,Mitchell,Kevin
kjm86,Moore,Kimberly
kjn23,Nielsen,Kristen
kjs36,Scoles,Kevin
kjs662,Schroeder,Kerry
kjw41,Waters,Kenneth
kk726,Kelly,Karin
kka37,Anselmi,Kathy
kkl87,Lau,Kenneth
kks11,Swartzwelder,Kay
kkw48,Wright,Kylie
kl966,Ladha,Kapil
kla92,Ammon,Kendra
klb24,Bischoff,Kymberly
klb46,Bryl,Karolina
kld45,Dodge,Kristen
kle70,Eells,Kristy
klf92,Furey,Kay
klh657,Habib,Kathy
klj172,Jacob,Kelly
klk45,Koewler,Kenneth
klk73,Koskey,Kristin
kln79,Nelson,Katie
klr39,Rickel,Kristle
kls84,Spiller,Kara
klw29,Wofford,Kathryn
km328,Metzner,Kenneth
km904,McLaughlin,Kristen
kma53,Atkinson,Katherine
kmb69,Betchyk,Kelly
kmb74,Banos,Karen
kmb781,Bennett,Kathleen
kmc52,Cristiano,Karen
kmc80,Cherneskie,Kylie
kmf87,Fisher,Kathleen
kmg39,Gross,Kevin
kmg51,Greenhaus,Karen
kmg579,Gordon,Keith
kmk43,Knoeringer,Katie
kml31,Lorenz,Kathryn
kml44,Loughery,Kelly
kml56,Lorman,Kristina
kmm36,Markey,Kathryn
kmm96,Miller,Karen
kmn20,Nixon,Kevana
kmp94,Powell,Kathleen
kmr40,Robinson,Kimberly
kms27,Short,Kathleen
kms41,Stone,Karen
kms44,Smith,Kathleen
kms82,Smith,Karen
kmw56,Wonder,Kai
kn703,Nowak,Krzysztof
knd586,Devlin,Kate
kne27,Enriquez,Kimberly
knm38,McGlonn,Kimberly
kns31,Steele,Katherine
ko687,Ortiz,Kasim
koc68,Clark,Katherine
kor34,Ryan,Khrystyna
kp501,Pourrezaei,Kambiz
kp502,Penugonda,Kavitha
kp898,Phan,Katelyn
kpb80,Beals,Katharine
kpf684,Farnsworth,Karen
kpp524,Pacific,Kristal
kps53,Smith,Kevin
kpt51,Turner,Kory
kr356,R,Kathleen
krd715,Dandekar,Kapil
krl12,Lowther,Krista
krr502,Rieger,Kathryn
ks211,Skinner,Karen
ks272,Schmidt,Kurt
ks335,Sergueeva,Ksenia
ks405,Sohlberg,Karl
ks463,Serfes,Konstantinos
ks543,Steen,Kathryn
ks557,Sabo,Katie
ks783,Scott,Kelley
ks969,Shine,Kevin
ksb525,Betts,Kristen
ksb59,Barak,Katie
ksg294,Grant,Kristine
ksj97,Joy,Khaled
ksk87,Kane,Kristy
ksn614,Nulton,Karen
ksp49,Prabhu,Karkal
ksp95,Poillon,Kaitlin
kss27,Sands,Kenneth
ksv38,Virbhadra,Kumar
ksw73,Williams,Krystal
kt688,Twaddell,Kimberly
ktb38,Bethea,Kimberlyne
ktf35,Farrell,Kathryn
kth23,Heuer,Keri
kth54,Heard,Kerrivah
kto80,Oluwasegun,Kayode
ktp44,Provinzano,Kathleen
ku879,Unsworth,Kris
kv444,Vrontis,Konstantinos
kvf20,Fowlkes,Karl
kvr126,Ramey,Kelley
kvr60,Ramos,Kenneth
kw281,Wallace,Kelly
kw895,Wang,Klein
kwb97,Beck,Kristen
kwd49,Dugger,Kenneth
kwt75,Tuck,Karen
kx323,Xu,Kaidi
la319,Agartan,Lutfi
laa19,Apgar,Lauren
laa76,Abruzzo,Luke
lab21,Baehr,Laura
lac92,Chiarello,Lisa
lad39,DiMaio,Lisa
lae53,Ellis,Larry
laf495,Flanagan,Leslie
lag50,Grover,Lloyd
lag69,Grande,Luis
lag953,Green,LaRhonda
lam15,Martinez,Lela
lam35,McClure,Leslie
lam409,Mays,Louisa
lar11,Rife,Lillian
lar145,Reed,Laura
lar20,Ruskin,Lori
las70,Smith,Leanice
las84,Severino,Lori
lav82,Valdez,Luis
law43,Whitelaw,Louise
law56,Wallace,Leslie
lb648,Branch,Leesa
lbc49,Cohen,Lawrence
lbj38,Jones,Lynn
lbj94,Johnson,Lynne
lbr812,Roth,Louie
lbs194,Serbus,Lacey
lbs30,Sylvester,Lisa
lcb15,Brown,Luke
lcb324,Butler,Lucy
lcn293,Nemerofsky,Lawrence
lcr29,Reyna,Linda
lcr64,Ross,Lois
lcs49,Scheffer,Ludo
ld235,Du,Lanqing
ldh958,Herzog,Liza
ldk80,Kawachi,Lucile
ldm31,Magee,Leon
ldm54,Marston-Burk,Linda
ldm69,Millard,Lawrence
ldm70,Mendoza,Lester
ldm755,Milner,Larisa
ldt363,Tannenbaum,Lela
le239,Erdy,Lyndsie
lec727,Carpenter,Luella
led63,Duwel,Laura
led74,Deweese,Lisa
led82,D'Innocenzo,Lauren
leh26,Hart,Laura
lel50,Lutz,Lorren
lel69,Leso,Lawrence
lel72,Levin,Lynn
lel94,Lynch,Laura
lem94,Miller,Laura
let72,Thong,Lisa
lf898,Farhadian,Lian
lfd585,Drage,Lillie
lfd88,Doherty,Liam
lfi984,Ingram,Luke
lfm15,Maxwell,Latoya
lfr84,Robinson,Lucy
lfv94,Vinci,Leon
lga27,Amey,Leah
lgm77,Miller,Lawrence
lgo985,Odonnell,Larry
lgz10,Zinberg,Laurie
lh187,Han,Li-Hsin
lh467,Hrebien,Leonid
lh703,Han,Lin
lhg499,Gallegos,Lillian
lhg819,Gates,Leah
lhs14,Schinasi,Leah
lhs72,Steussy,Lindsay
lj977,Jacobson,Lea
ljb219,Browning,Lindsay
ljb71,Boston,Lowell
ljc67,Cirilo,Lewis
ljh73,Hogan,Luann
ljk99,Keiser,Larry
ljl43,Lenz,Laurie
ljl77,Link,Lisa
ljm27,Morace,Lili
ljm71,Moore,Lori
ljn28,Naegeli,Leslie
ljp455,Patusky,Lisa
lk158,Kim,Linda
lk185,Kramer,Leslie
lk573,Karlsen,Leila
lkd402,Duke,Lawrence
lkg337,Gritton,Lori
lkt93,Tirado,Linwood
ll349,Liu,Longjian
ll816,Lichty,Laurel
llb798,Brown,Lorraine
lle592,Epstein,Larry
llg18,Grief,Lynne
llh14,Hayes,Lisa
llm11,Miller,LaNeshe
llp56,Patrick,Leann
llr57,Rogers,Lee
lls433,Shea,Lindsay
llt92,Taylor,Lauretta
llw54,Ward,Lena
llw866,Wolfe,Lucinda
lm896,Maddox,Lisa
lmb39,Begay,Lisa
lmc744,Celia,Linda
lmc95,Chowenhill,Linda
lmd18,Dang,Lee
lme29,Ellis,Lurline
lmf30,Frederick,Lauren
lmf98,Fowler,Lori
lmg899,Giordano,Luke
lmk268,Kruse,Lance
lml44,Lamont,Larry
lml65,Lowe,Lauren
lmm522,Matias,Lindsay
lmr507,Randall,Louis
lms39,Svetkovich,Lydia
lms47,Semmelhaack,Leah
lms83,Stoner,Leah
lmt14,Torres,Laura
lmv371,Vincent,Laurel
lmz856,Zettlemoyer,Lauren
lnf72,Farmer,Lisa
lnq39,Quintana,Lyss
lnw56,Watkins,Lisha
lp362,Polcha,Liz
lpc88,Chee,Leslie
lph95,Hayes,Lois
lps29,Stanwyck,Lisa
lpt78,Tabb,Loni
lr986,R,Luis
lrb18,Bennett,Lewis
lrc38,Colburn,Lewis
lrc40,Creach,Lisa
lrc83,Chi,Luz
lrc99,Calimer,Leslie
lrd91,Dooley,Leonard
lrg349,Garber,Leeza
lrg98,Guerra,Louise
lrh39,Hammer,Lula
lrj36,Johnson,Lauren
lrm12,Montgomery,Lynnette
lrr89,Rayome,Larhonda
lrs38,Smith,Lisa
lrs53,Smith,Leroy
ls221,Stratton,Lyndsey
ls658,Shaw,Leonard
ls974,Sheng,Li
lsa95,Ammon,Leonard
lsc244,Coleman,Laura-Edythe
lsc413,Carter,Laura
lsc57,Crane,Lindsey
lsh95,Harris,Linda
lsj91,Jemmott,Loretta
lsk80,King,LaVelle
lsm30,Mooney,Louis
lsp31,Peterson,Loretta
lss899,Sherrill,Ladonna
lsw52,Williams,Lorenzo
lsw59,Winburn,Leta
lsw78,Wilhoite,Laura
lsz642,Zack,Leslie
lta57,Ackert,Lloyd
ltb35,Boles,Leslie
ltm76,Milan,Laurene
ltn68,Nguyen,Liz
ltt63,Ta,Lien
ltw71,Williams,Lisa
lv921,Vanderkluysen,Loyc
lvf46,Feinman,Lee
lvh87,Haun,Leslie
lvm65,Mele,Leah
lw459,Wang,Lei
lw851,Wilson,Linda
lwh34,Hoffman,Lee
lws87,Starrs,Larry
lz101,Zhou,Lifeng
ma612,A,Manuel
ma668,Anandarajan,Murugan
ma865,A,Mariangeles
ma907,Airaudo,Marco
maa14,Aveline,Marcos
mab31,Blake,Mary
mab43,Butkus,Matthew
mab691,Bale,Morgan
mab85,Borrelli,Michael
mac58,Chisholm,Mitchell
mac81,Coulombe,Marilyn
maf20,Finley,Margaret
mag28,Gambone,Mollie
mag64,Gemmill,Mark
mah394,Heckendorn,Matthew
mah99,Harshaw,Marcus
maj73,Julien,Monika
mal419,Luzi,Marcello
mam26,Mozeff,Marna
man96,Nitka,Maura
map77,Pando,Miguel
mar43,Russell,Matthew
mat80,Tarbutton,Michelle
maw30,Wheatley,Margaret
maw67,Wilson,Mary
maz32,Zugale,Matthew
maz822,Zimmer,Mary
mb201,Bhawsar,Mohit
mb265,B,Monica
mb322,Boktor,Mark
mb639,Benedetto,Maria
mbb11,Baker,Maria
mbg56,Giambra,Martina
mbg968,Gustafson,Mary
mbh35,Harne,Melissa
mbj16,Jones,Matthew
mbk98,Kealy,Mary
mbl37,Lowry,Michelle
mbl83,Lapuerta,Michael
mbm94,Martinez,Monserrat
mbs76,Shah,Mihir
mbs77,Subramanian,Manas
mbt71,Terry,Margie
mc247,Creighton,Megan
mcb325,Bartlett,Mary
mcb96,Borden,Michael
mcc251,Castillo,Michael
mcd13,Dudek,Marianne
mcd508,D'Antuono,Mike
mcd87,DeSimone,Maureen
mcg63,Gould,Matthew
mcg79,Grady,Mike
mcg80,Gaydosh,Michele
mch519,Hanson,Michael
mck23,Kaczmarczik,Michael
mck54,Kondo,Michelle
mcl738,Lotton,Margaret
mcm66,Mouat,Maria
mcm81,Mulroy,Mary
mco15,Oconner,Michael
mco81,O'Halloran,Maria
mcp29,Pelletier,Manual
mcr44,Riley,Madeleine
mcr54,Raddatz,Mary
mcr63,Reichenbach,Matt
mcr83,Rotella,Matthew
mcs50,Shockley,Margaret
mcs51,Singh,Michael
mcs52,Sortore,Morris
mcs54,Sanges,Monica
mcs78,Stamm,Matthew
mcs79,Staub,Mark
mcs81,Shea,Maegan
mcz84,Zurcher,Minnie
md303,Dai,Mian
md924,de,Maria
mda335,Auckerman,Madonna
mdb21,Barth,Michael
mdb61,Baselice,Michael
mdd99,Do,Michael
mde13,Espinosa,Margot
mde446,Elwood,Megan
mdg45,Glaser,Michael
mdg60,Gold,Madelaine
mdm53,Morettini,Matt
mdp41,Propst,Michael
mdp96,Pearl,Michelle
mdr12,Rickey,Maria
mdr49,Rattigan,Michele
mds95,Smith,Mary
mdt165,Toppa,Marvin
mdw50,Walshe,Matthew
me192,Edmondson,Michael
me357,Endo,Masako
meb161,Bolton,Megan
meb67,Booth,Marilyn
meb79,Beecher,Mark
mef61,Flynn,Mary
meg34,Gannon,Michelle
meh15,Henderson,Melanie
meh208,Hall,Margaret
meh894,Hunte-Brown,Meshagae
meh97,Hovinga,Mary
mei19,Irrera-Newcomb,Maria
mej83,Johnson,Marina
mek96,Keesler,Michael
mem28,Mawritz,Mary
mem37,Moore,Melvin
mem77,Malvoisin,Megan
mep16,Petrovich,Mark
mer42,Rosensaft,Mia
mes947,Selverian,Melissa
met38,Tomey,Megan
mew78,Willie,Mark
mey34,Yost,Mary
mf161,Frederick,Meghan
mf494,Frakulla,Mario
mf534,Ferdinand,Melanie
mf652,Fanaei,Mohammad
mf726,Ferreira,Marcus
mfc72,Carbone,Michael
mfe39,Ebeling,Mary
mfg21,Gress,Mark
mfh60,Hazlett-O'Neill,Mora
mfi41,Irons,Michael
mfv52,Valdez,Martha
mfw391,Wightman,Michael
mfw48,Wright,Monica
mg328,Gibney,Maureen
mg349,Godshall,Maryann
mg535,Guha,Mithila
mg885,Gamaly,Marcia
mgg44,Gallagher,Mary
mgg451,Giguere,Miriam
mgj687,Johnson,Michael
mgk25,Kozak,Michael
mgm43,Martinez,Malinda
mgm734,Mauk,Michael
mgp138,Piety,Marilyn
mgw896,Wagner,Michael
mh477,Hand,Melissa
mh772,Higgins,Matthew
mhj85,Jones,Michael
mhk73,King,Marcia
mhr15,Rodriguez,Megan
mht289,Trivino,Mary
mht41,Tunick,Michael
mht84,Tang,Maureen
mi533,Ilies,Monica
mif35,Frederick,Megan
mir24,Ramirez,Marion
mis48,Smith,Mara
mj376,Jean,Mary
mjb28,Burlick,Matthew
mjb71,Becker,Marianela
mjc821,Cuningham,Megan
mjc83,Childress,Mark
mjd474,Dolinski,Michelle
mjd57,Dunning,Margie
mjd67,Ditmars,Matthew
mjg82,Grant,Mable
mjh21,Hochstatter,Max
mjh23,Howley,Michael
mjh30,Haslip,Michael
mjj844,Johnson,Mindy
mjk238,Kennedy,Monica
mjk24,Kaufhold,Matthew
mjk248,Kocka,Maria
mjk37,Kaufman,Melissa
mjm101,Meltzer,Micah
mjm85,Mahoney,Michael
mjp84,Parent,Matthew
mjp864,Pinks,Mack
mjr132,Reindorp,Matthew
mjr28,Rollins,Micah
mjr67,Ragan,Mora
mjr87,Ricci,Mary
mjs36,Schneider,Matthew
mjs66,Stanisz,Mark
mjs84,Suhr,Mary
mjt98,Traud,Michael
mjv24,Vincent,Michael
mjw344,Washington,Mildred
mjw57,Walters,Michael
mjz59,Ziemke,Matthew
mk299,Khandelwal,Madhav
mk449,Kay,Mary
mk594,Killen,Marlin
mkf49,Fugate,Mark
mkg15,Gonder,Mary
mkg62,Gonder,Mary
mkg84,Guliford,Meg
mkh14,Hauer,Michael
mkm233,McHugh,Marylou
mkp25,Pate,Margaret
mkr21,Rainey,Meredith
mks42,Schaefer,Megan
mkv20,Vasconcellos,Marguerite
ml128,Leszko,Magdalena
ml548,Lee,Myungwoon
mlb231,Brennan,Molly
mlb31,Bruneau,Michael
mlb442,Brack,Mark
mlb55,Brewer,Marcy
mlb69,Becht,Mikey
mlb73,Bowlin,Mary
mlb90,Baziuk,Monica
mlb97,Boyer,Maria
mlc22,Chalifoux,Michael
mlc59,Cox,Meghan
mlc986,Chhabria,Maneesh
mle596,Elizondo,Mariana
mlf38,Fritz,Megan
mlf52,Farley,Melanie
mlg91,Greenberg,Mark
mlh24,Howard,Mary
mlh39,Howard,Michelle
mlh60,Hacker,Mary
mlj824,Jackson,Mildred
mlk17,Kirifides,Michael
mlk56,Krawitz,Marc
mlk70,Kline-Peterson,Michelle
mlm124,Meyer,Megan
mlm18,Menago,Melissa
mln398,Neal,Matthew
mlp12,Petersen,Margene
mlp32,Patterson,Mary
mlp94,Pearson,Maureen
mlr32,Rogers,Michelle
mls90,Smith,Martha
mls911,Spurling,Milton
mlv56,Vasquez,Michael
mlw34,Wallace,Melissa
mlw92,Weiss,Mitchell
mm142,Mieles,Matthew
mm147,McCarthy,Matthew
mm339,Mosher,Matthew
mm632,Maley,MaryKay
mm898,Medina,Marisol
mm979,McAllister,Michael
mmb21,Bradsher-McHugh,Michelle
mmb36,Barlow,Madeline
mmb633,Bostic,Mickey
mmb94,Brinn,Melissa
mmb969,Brockman,Merritt
mmc10,Chilton,Mariana
mmc14,Cartwright,Melissa
mmc56,Coyle-Savidge,Margaret
mmc952,Chavez,Mario
mmd882,Draganska,Michaela
mmf46,Fitzpatrick,Michael
mmg16,Gonzales,Maureen
mmg35,Giampietro,Megan
mmg56,Gunn,Mary
mmg57,Gehringer,Mildred
mmg58,Geno,Michael
mmh75,Houghtelling,Minnie
mmj63,Jones,Michael
mml638,Lasher,Marc
mml91,Lewis,Melinda
mmm72,Mastrobattista,Megan
mmo69,Ossont,Megan
mmr87,Rash,Maria
mms75,Slater,Mary
mms97,Shattuck,Meaghan
mms99,Sahota,Martha
mmt626,Togna,Monica
mmy93,Yoon,Michael
mmz136,Zamparini,Mary
mn374,Noh,Moses
mnf46,Fisher,Martin
mnk857,Kotzin,Miriam
mnm123,Mathes,Michele
mo274,Olson,Mira
mor77,Ryan,Michael
mp253,Pountourakis,Manolis
mp279,Potapova,Marina
mp342,Parks,Melissa
mpa42,Alcala,Mary
mpb31,Breen,Maureen
mpc10,Crabtree,Michael
mpd94,DeHaven,Mary
mpk31,Kinkela,Maureen
mpl17,Lee,Margaret
mpo38,O'Connor,Michael
mpr16,Roney,Matthew
mpr18,Reed,Mary
mpr72,Rhoda,Michael
mpt78,Taytelbaum,Maurits
mq435,Qin,Mary
mr591,Ramaswami,Murali
mra45,Akers,Michael
mrb19,Braud,Mara
mrb269,Bagley,Margaret
mrb664,Byfield,Mary
mrb93,Borrow,Michael
mrc46,Chan,Mitchell
mrc67,Ceneviva,Marina
mrj57,Jackson,Mark
mrk22,Kelly,Mat
mrl71,Lowe,Michael
mrm88,Macdougall,Michael
mrm93,Mergenthal,Marisol
mro51,Odorizzi,Mark
mro60,Ottenstein,Maia
mrp53,Potter,Michael
mrr15,Ray,Maurice
mrr97,Rankin,Michael
mrs298,Smith,Matthew
mrt585,Thomas,Martin
mrv31,Voyer,Marie
mrw40,Wilson,Matthew
mry87,Ytterberg,Michael
ms263,Swain,Marianne
ms287,Schneider,Megan
ms573,Stehr,Mark
ms675,Soroush,Masoud
ms849,Shim,Minjung
ms854,Stanczak,Michael
ms876,Swoboda,Marek
msb72,Bridges,Milady
msc10,Cordano,Michael
msf75,Franklin,Michael
msf97,Fuller,Misty
msm13,Miller,Madison
msm49,Moses,Marina
msm68,Morgret,Mary
msm82,McClay,Marie
msn28,Norris,Marisol
mso397,Offenbach,Marc
mso59,Oritz,Michael
msp98,Pereira,Miray
msr98,Riegel,Maggie
mst38,Thompson,Marissa
mst84,Tossman,Matthew
msv75,Vogeley,Michael
msv88,Vasquez,Maria
msw318,Wilkes,Marian
msw692,Waring,Michael
msw72,Wilcox,Matthew
mt249,Toutounchian,Milad
mtb674,Brinkman,Michael
mtg91,Gilmore,Margaret
mtk31,Kain,Michael
mtk46,Kleponis,Maria
mtl14,LeVasseur,Michael
mtl81,Lahr,Margaret
mtm79,McDonald,Matthew
mtm88,Martin,Michael
mts103,Sulesky,Michael
mts636,Stockton,Mark
mtt42,Tilly,Matthew
mtz24,Zahniser,Max
mu813,Umstead,Michelle
mv608,Volynsky,Maria
mv703,Vasapoli,Max
mvj56,Jaworski,Myriah
mvr56,Rodino,Michael
mw286,Wang,Min
mw359,Warfield,Marshall
mw732,Watanabe,Marisa
mw794,Wade,Marie
mwa786,Alarcon,Mark
mwb75,Boady,Mark
mwb93,Brown,Malcolm
mwb993,Barsoum,Michel
mwf86,Froio,Michael
mwg73,Gehrmann,Michael
mwh10,Harrison,Magnolia
mwl349,Liechty,Merrill
mws61,Shadwick,Mary
mx343,Xiao,Ming
myl26,Lopez,Miriam
myl80,Lockard,Margery
myq343,Quinn,Maxine
mzw70,Wilson,Marion
na836,Ajmera,Nitin
na854,Arya,Neelam
nab172,Barry,Nathan
nac12,Cassway,Nick
nae73,Eve,Nomi
nam81,Mandjarov,Nichole
nao35,Olson,Natalie
nap77,Procopio,Nick
nar78,Roark,Norma
nbg73,Gravel,Naomi
nbp36,Patel,Nidhi
nbp93,Pedersen,Natalie
nce39,Elie,Nicole
nd541,DiPietro,Nicolette
nd655,Dardarian,Nyree
nd979,Dhand,Neal
ndc46,Coles,Nadeerah
ndd21,Daniel,Naveen
ndp18,Palumbo,Norman
nee62,Epstein,Nancy
neg55,Goldstein,Naomi
neh97,Hernandez,Natasha
nej54,Jushchyshyn,Nicholas
new16,Welk-Joerger,Nicole
ng454,Goldstein,Neal
nhf93,Fee,Nancy
nhp684,Presha,Natalie
nhr145,Rottinghaus,Norman
nj809,Joseph,Nick
nj929,John,Nic
nja38,Alvarez,Nicolas
nja42,Anselmo,Nick
njb25,Broz,Natalia
njb93,Boyd,Nick
njd63,DiNardo,Nicholas
njd80,Doiron,Nicholas
njg47,Goldstein-Levitas,Natasha
njh434,Howland,Norma
njm33,Medina,Nick
njn61,Natalicchio,Nicholas
njs56,Sanders,Nelson
nk167,Kim,Nahyun
nk171,Kuenzi,Natalie
nk406,Kandasamy,Nagarajan
nkn84,Neilson,Naoko
nkv317,Vakharia,Neville
nla81,Addis,Noah
nlb364,Baumol,Naomi
nlc30,Coffman,Nicholas
nlg86,Gundrum,Nathan
nll167,Lee,Nora
nlm78,Marsh,Nancy
nlp22,Parraga,Nicholas
nlr931,Roberts,Norma
nm739,Matta,Nada
nm851,Magnanini,Nadia
nmc405,Carter,Nicole
nmf88,Feller-Johnson,Nicole
nmg22,Goodstadt,Noel
nmp54,Porter,Nancy
nms39,Stuart,Natalie
nnh61,Hiratsuka,Natalie
no441,Ou,Ni
np227,Prakash,Nalini
npk91,King,Nancy
npm19,Malantchouk,Nicole
npm663,Morgan,Nicholas
npy326,Yoder,Nicholas
nra195,Atchinson,Nicole
nrb424,Blalock,Nicholas
nrc98,Carlton,Natalie
nrk816,Koltick,Nicole
nrl79,Lee,Nancy
nrt57,Trainer,Nancy
ns504,Staples,Natasha
ns892,Sang,Nianli
ns898,Sravan,Niharika
nsb53,Brown,Nancy
nso83,O'Neill,Nichole
nsw183,Wilson,Nadine
nsw55,Weber,Nicole
nt972,Torskiy,Niki
nth648,Hanna,Nathan
nv115,Vasudevan,Nijanthan
nvk43,Khimich,Natalya
nys22,Stinson,Nichole
oa227,A,Oscar
ob682,Borges-Delgado,Octavio
oba99,Arinze,Orakwue
oil241,Levitt,Ollie
oit46,Trubina,Olga
ojs90,Smith,Omar
ok332,Kwon,Ohyun
oka507,Adair,Ollie
okp85,Prince,Olive
oo682,Ogutveren-Gonul,Ozlem
op331,Pelliccia,Orlando
opo353,Odintsova,Oksana
os482,Schaer,Oliver
oss30,Stichter,Ornella
oss615,Smith,Oscar
pa259,A,Philip
pa503,Amato,Peter
pac93,College,Polly
pag199,Grant,Pauline
pag47,Geller,Pamela
pah483,Hoffmann,Peter
pah99,Haynes,Penny
pak381,Kong,Peggy
pal50,Lewin,Peter
pam14,Montgomery,Pasqualina
pas251,Shapiro,Paul
pas50,Swint,Phyllis
pat12,Thorne,Pedro
pb241,Brancaccio,Pia
pbc29,Charlton,Pamela
pbc77,Cortopassi,Paul
pbd21,Delay,Patricia
pbf47,Fasano,Phyllis
pbf49,Fortier,Peter
pc641,Clarke,Patrick
pc811,Chatterjee,Preetha
pcc86,Colvin,Patricia
pce93,Eastman,Peter
pcg21,Gondek,Paul
pcm56,Mitchell,Paul
pcs22,Sledge,Patricia
pd978,Deak,Peter
pdb79,Bobo,Patricia
pde81,Egbert,Patricia
pdg42,Girolamo,Pia
pdh42,Hernandez,Phillip
pdm30,Manev,Petyo
pds89,Smith,Patrick
pef33,Flanagan,Paul
peg16,Garcia,Phillip
peh13,Harrington,Paul
pem22,Mcallister,Peggy
pep289,Peterson,Pamela
pep54,Parker,Penny
per96,Reeve,Pedro
pet25,Thomas,Pedro
pfb90,Bray,Patrick
pfe94,Egan,Peter
pft94,Trax,Pamela
pfv10,Volpin,Paolo
pfw45,Weaver,Paul
pg308,Greenfield,Pavel
pg453,Gulati,Prateek
pg782,Grillo,Peter
pgm83,McKenna-Cress,Polly
pgo10,O'Neill,Paul
ph256,Hitczenko,Pawel
phh331,Hale,Patrick
phk84,Kulp,Philip
phr62,Russell,Pat
pjb24,Best,Pauline
pjb272,Bailey,Patrick
pjc60,Clelland,Peter
pjd564,Diefenbach,Paul
pjg42,Gomez,Paul
pjn23,Norman,Pablo
pjo69,O'Brien,Patrick
pjs11,Salvaggio,Paul
pjs44,Sinatra,Philip
pk514,Kouacou,Parfait
pkb72,Berry,Patricia
pks49,Schafer,Patricia
plg83,Gurian,Patrick
plh812,Hammrich,Penny
plv164,Valle,Priscilla
pm574,Mao,Peter
pm864,More,Parag
pma94,Awerbuch,Pat
pmd459,Dadjo,Pekalvine
pmd83,Denehy,Patrick
pmg32,Gallagher,Patricia
pmk675,Keller,Penny
pms23,Santulli,Perry
pms78,Shankar,P
pmw16,Weipert,Patrice
pmw22,Wilcox,Patrick
pn245,Nagvajara,Prawat
pn412,N,Providenza
pnm71,Mckee,Priscilla
pom91,Muddaththir,Pam
pp308,Phan,Paul
pp476,Pilladi,Paolo
prj99,Jerue,Paul
prr62,Runyon,Paul
prz57,Zuzelo,Patti
ps112,S,Pablo
psa21,Apostol,Phil
psc649,Ceballos,Philip
psg105,Gilmore,Pilar
psh35,Hewitt,Patricia
psh73,Hayes,Phyllis
psj58,Johnson,Porsche
pss134,Sockolow,Paulina
ptn38,Nelson,Paula
ptt89,Thong,Pam
pty34,Yu,Pok-Yin
pvm60,McCullough,Paul
pwb43,Brandt-Rauf,Paul
pwd35,Deroo,Paul
pwd773,Dalrymple,Prudence
pwo541,Oney,Paul
py222,Yau,Pamela
pzh76,Hayes,Phillip
pzp35,Poe,Pamela
qd243,Dai,Qizhi
qgf21,Floyd,Quanice
qr234,Rogers,Qil
qs638,Sun,Qingyue
qw376,Wang,Qi
ra231,Alam,Rubyat
ra509,Ann,Rose
ra536,Arthanari,Ram
rac402,Cairncross,Richard
rac52,Clothey,Rebecca
rac86,Clothey,Rebecca
rad628,Drew,Rose
rag732,Grandrino,Rick
rah531,Higgins,Rachel
rah976,Hicks,Robert
raj384,Jackson,Rachelle
raj87,Johnson,Roberta
ral24,Lowery,Rochelle
ral526,Lugrine,Rocco
ral75,Love,Robert
ram38,McCain,Roger
ram76,Maschi,Robert
rap54,Patton,Rikki
rar85,Rumburg,Rob
ras14,Serenil,Richard
ras17,Shah,Riya
ras21,Sieczkiewicz,Robert
ras49,Salam,Rashidah
rat96,Trachtenberg,Ross
rav48,Vanschaick,Richard
rav88,Valerius,Richard
raw31,Wright,Richard
raw36,Williams,Reiko
raw93,Watts,Robert
rb176,Benjamin,Rachel
rb871,Berson,Rita
rba496,Acosta,Richard
rba66,Astro,Richard
rbb94,Burger,Roger
rbj28,Jackson,Rosemary
rbj78,James,Ruth
rbk79,Keske,Ronald
rbl12,Lawson,Robert
rcb52,Barnett,Richard
rcb53,Bishop,Ron
rcc26,Casey,Robbie
rcd33,Duncan,Robert
rcl58,Lomax,Rita
rcn28,Nally,Robert
rcp82,Patel,Robert
rcr16,Robb,Roger
rcr75,Roman,Robert
rcw70,Whittenberg,Robert
rd305,Dilworth,Richardson
rd618,D'Ovidio,Robert
rdb74,Bozeman,Robert
rde56,Espinoza,Robert
rdj19,Jackson,Rick
rdj865,Johnson,Roberta
rdl51,Lawson,Ryan
rdm941,Mizrahi,Robert
rdo53,Olson,Raymond
rdr17,Rowley,Ronald
rds23,Schwandt,Richard
rdt112,Thresher,Robert
rdt21,Tochterman,Rob
rdw41,White,Richard
re318,Estes,Renata
rea13,Adkisson,Rose
rea53,Averett,Ruth
rek212,Kuperinsky,Rachel
rek63,Kramer,Ronnie
rel17,Lopez,Roger
rel40,Lloyd,Rob
rel69,Lancaster,Roger
rel71,Liguori,Raymond
ren961,Nalls,Robert
rer126,Rys,Rosemary
rer872,Rhead,Rosa
res81,Stramel,Ruth
ret20,Trout,Rosemary
rew246,Wilkins,Riley
rf483,Foster,Robert
rf641,Farasat,Reza
rfc11,Carneiro,Renata
rfc14,Carrasco,Roger
rfc43,Crothers,Ruth
rfd177,Diemer,Robert
rfh83,Hosford,Richard
rfm51,Murray,Robert
rft13,Thomas,Rex
rg522,Ghosh,Rajashi
rg624,Garimella,Ramesh
rg669,Gurak,Remi
rga37,Andrews,Robert
rgd72,Davis,Robert
rgf26,Fogle,Rebecca
rgn59,Neilson,Russell
rgr39,Rees,Roland
rgr47,Roberts,Rigoberto
rh449,Hughes,Rayna
rh455,Hummel,Ryan
rhc419,Carroll,Raymond
rhm69,Moore,Renee
rho19,Olaya,Rich
rhs66,Swan,Robert
ria215,Advani,Reuben
rib19,Blane,Rosa
rib26,Brown,Robin
rif18,Field,Robert
ris968,Steinborn,Rueben
rja54,Anderson,Robert
rjb23,Burbridge,Ralph
rjb52,Bohrman,Robert
rjc24,Clancy,Ryan
rjc46,Conly,Roy
rjd66,Davis,Robert
rje92,Evans,Richard
rjf178,Fordham,Richard
rjf307,Forney,Richard
rjf39,Favocci,Raymond
rjg38,Godshalk,Robert
rjg73,Green,Ruth
rjh14,Hendley,Roy
rji542,Ivie,Ray
rjj76,Jensen,Roy
rjk72,Kane,Robert
rjk96,Kane,Rob
rjl56,LaPointe,Robert
rjm13,Mitchell,Robert
rjm24,Munoz,Ruth
rjm51,Mele,Robert
rjm59,Melendez,Rosalba
rjm63,Mack,Russell
rjm811,Magyar,Roger
rjm962,Mcbride,Rene
rjm99,McGrath,Rosalyn
rjo575,O'Brien,Robert
rjp122,Payne,Randall
rjp479,Palisano,Robert
rjp59,Pace,Roberto
rjp66,Petrie,Ryan
rjs58,Schwabe,Ryan
rjt74,Thomas,Rebecca
rjw66,Warkulwiz,Robert
rk217,King,Richard
rk387,Knight,Richard
rk601,Kliman,Russ
rk823,Kane,Rebeca
rka95,Adeniran,Rita
rkh23,Hultgren,Rachael
rkl75,Lee,Robert
rkp881,Perline,Ronald
rks87,Sullivan,Rosie
rlb86,Barnes,Rosemary
rlc22,Casey,Rachel
rlc26,Carlson,Roland
rlc98,Coronado,Royal
rll812,Larsen,Richard
rlm612,Morier,Robert
rlp96,Poveda,Ronald
rls21,Siler,Rebecca
rls33,Sell,Randall
rlw76,Waite,Roberta
rm286,Murphy,Rosemary
rm951,Moradinezhad,Reza
rmb57,Barr,Rebeca
rmb621,Besley,Ralph
rmc143,Corrigan,Rose
rmc51,Carroll,Rita
rmd116,Dieterich-Hartwell,Rebekka
rme101,Erwin,Rosalind
rmg408,George,Rami
rmj47,Johnson,Rachel
rmk625,Kennedy,Rachel
rmk84,Kratzer,Rachael
rmm14,Michaels,Ralph
rmm23,McCourt,Richard
rmp24,Perez,Roland
rmp79,Piasecki,Robert
rmr79,Roth,Ryan
rms14,Simpson,Ray
rms988,Spahn,Rochelle
rmt75,Theroux,Rose
rmt973,Turchi,Renee
rmw90,Weaver,Robin
rn582,Newby,Robert
rn651,Nag,Rajiv
rng66,Gurney,Regina
rnm80,Mccready,Regina
rok52,Kelly,Ryan
row10,Weber,Rosina
row12,Weitzner,Robert
rp499,Pandey,Rachit
rp556,Pontes,Renata
rpc25,Cumby,Rena
rpf50,Freedman,Richard
rpj69,Jimenez,Rolando
rpl438,Loudon,Robert
rpm48,Martinez,Ray
rpm53,Moys,Ryan
rpp19,Patel,Risha
rr184,Redmond,Raquel
rr602,Reynolds,Rachel
rrb372,Bowman,Robert
rrc65,Carr,Robin
rrc80,Carvin,Raymond
rre14,Evans,Richard
rrh94,HaileSelasse,Rachael
rri16,Isbill,Rebecca
rrk928,Kurtz,Roger
rrl46,Lopez,Ralph
rrm29,Malhotra,Reema
rrp388,Partin,Roderick
rrp506,Pounds,Rickie
rrr73,Reed,Ruth
rrs84,Snow,Robert
rrt24,Thornburg,Robert
rs326,Serrano-Padial,Ricardo
rs605,Scott,R.
rs679,Spiegel,Rebecca
rs768,Schweitzer-Stenner,Reinhard
rsd15,Dixon,Ralph
rsg48,Goodermote,Robert
rsh29,Haywood,Ronald
rsk86,Kreider,Rosalie
rsl97,Lazzaro,Robert
rsm11,Martin,Richard
rsm648,Matthews,Ryan
rss53,Schade,Rachel
rta62,Atkins,Rafael
rtc54,Clark,Rosario
rtg938,Grooms,Ryan
rtj94,Johnson,Robert
rtn75,Newlan,Robert
rtr74,Royal,Ralph
rtr99,Reilly,Roy
rvp90,Pepino,Richard
rvs83,Smith,Ronald
rwg381,Gumina,Ricardo
rwm37,Merle,Racheal
rwm65,Milo,Reynaldo
rwm73,Martin,Ray
rwr246,Riggle,Richard
rww58,Whittaker,Rickey
rww85,Weber,Robert
rwz73,Zawatski,Rob
ryc65,Chiou,Richard
rys71,Suite,Rickeisha
rys87,Signore,Rebecca
rys93,Schaar,Raja
rz918,Zapata,Ricardo
rz963,Zaman,Rumman
sa395,Arnab,Sreejita
sa792,Aitzhan,Sultan
saa55,Aki,Steven
sab61,Bateman,Samuel
sab84,Baldwin,Sam
sac723,Cooper,Scott
sac93,Cunningham,Stephanie
sad606,Donner,Susanne
sae11,Epstein,Susan
saf44,Fairbanks,Shawna
sag99,Goshorn,Shannon
sah44,Horowitz,Scott
sah61,Husain,Sughra
sah71,Huxta,Stephen
sak11,Kline,Stacy
sak40,Kroll,Stefanie
sal39,Lombardi,Stephen
sam41,Mastro,Stephen
sam683,McCreary,Scott
sam70,Madia,Sherrie
sar33,Rove,Sara
sar451,Revelli,Stefania
sar83,Rutkowsky,Susan
sas278,Smathers,Sarah
sas38,Scheller,Sara
sas59,Stein,Scott
sas75,Staab,Stacey
saw50,White,Stephen
sb142,Baita,Stefania
sb736,Balasubramanian,Sriram
sba154,Adams,Sara
sbb82,Bates,Stephen
sbc65,Clay,Sally
sbc908,Chaney,Sterling
sbk78,Kriete,Susanne
sbl27,Larkin,Sharon
sbm135,Maher,Samuel
sbp282,Patel,Shruti
sbp77,Paige,Shirley
sbw67,Wenger,Sarah
sc422,Cheng,Shi-Chieh
sc465,Cleveland,Simon
sc656,Cantando,Stephen
sc708,Chandran,Suresh
scc21,Carter,Sharon
scf68,Feldman,Stephanie
scg92,Guillory,Stacie
scj26,Johnson,Shari
sck47,Kupchella,Stephen
sck77,Kaplan,Shannon
scl288,Lee,Samuel
scm16,Morris,Stephen
scm80,Mclaughlin,Scott
scn123,Napoli,Sarah
scr29,Rafferty,Stephen
sct26,Turner,Sergio
scw60,White,Stephanie
sd139,Dolph,Steve
sd988,Dragone,Salvatore
sdb339,Brooks,Sharon
sdb95,Bacon,Scott
sdc57,Cuadras,Shery
sdf41,Finch,Stephanie
sdf79,Fuchs,Susan
sdg69,Gearhart,Samuel
sdh43,Hardnett,Stephanie
sdh63,Henderson,Suzanne
sdp85,Peterson,Sophia
sdr94,Reynolds,Sena
sdt18,Tyagi,Som
sdt42,Tattar,Scott
sdt977,Thompson,Summer
se551,Earth,Steve
sea868,Ake,Stacey
seb35,Batastini,Susan
seb97,Bell,Susan
sed21,Deutsch,Susan
sed71,Denisevicz,Steven
seg94,Galbraith,Sarah
sel107,Lankenau,Stephen
sem80,Munsch,Sammy
sep17,Parker,Stevi
sep49,Pitzer,Shaunna
sf707,Friedman,Sandra
sf762,Falletta,Salvatore
sff252,Foster,Sean
sfg94,Giszter,Simon
sfg998,Gambescia,Stephen
sfl90,Lawton,Sally
sfs12,Sandapen,Sheila
sfs91,Samendinger,Stephen
sfw86,Watson,Sheri
sg152,Girotto,Sara
sg474,Grogan,Sarah
sgb17,Bailey,Sean
sgb29,Bronte,Stacy
sgb41,Bergstrom,Samuel
sgh66,Hohenleitner,Stacy
sgv365,Vorpahl,Susan
sh383,Hora,Snehal
sha19,Al-Ani,Sumer
shb56,Blacher,Suzan
shm732,McElroy,Sara
shp976,Pearl,Sharrona
shs89,Szewczyk,Samuel
sib65,Brandt-Rauf,Sherry
sj409,Jabbari,Shahin
sj432,Jain,Sonali
sj433,Joyce,Stephen
sj439,Jung,Sunmi
sja949,Ancira,Susan
sjb62,Bradley,Sebastien
sjc26,Conner,Steve
sjc58,Comfort,Scott
sje487,Emory,Samuel
sjf86,Fineman,Stuart
sjg232,Granger,Stephanie
sjj74,Jackson,Steven
sjl10,Leuzzi,Sarah
sjl95,Littlejohn,Scott
sjm69,Mcghee,Susan
sjm698,May,Steven
sjp38,Perrine,Sue
sjs17,Schauble,Sandra
sjs79,Steinwachs,Sarah
sjt16,Tickell,Simon
sjt197,Tyler,Samuel
sjw16,Woolfolk,Scott
sjw36,Woodson,Scott
sjw76,Wells,Sara
sjw851,Watkins,Sonny
sjy98,Yates,Steven
sk235,Kristiniak,Susan
sk496,Kipp,Samuel
sk525,Kim,Seung-Lae
sk727,Kruhlov,Sergey
skb17,Bhatia,Sujata
skb384,Becker,Samuel
skb48,Bowen,Summer
skc14,Cashin,Susan
skd22,Dean,Shawn
skg75,Gift,Sarah
skg982,Geagan,Sophie
skj97,Jacobsen,Shannon
skk515,Kumanyika,Shiriki
skl153,Lippmann,Sarah
skl23,Larson,Sophia
skm53,Miller,Sally
skr55,Ridgley,Stanley
sks18,Slayton,Sarah
skw61,Wilkins,Stacia
sl671,Lawson,Sean
sl798,Lacek,Shannon
slb236,Bellamy,Scarlett
slb42,Bloom,Sandra
slb49,Becker,Saraelena
slc15,Corey,Shannon
slc28,Chambers,Sonia
slc63,Capps,Shannon
sle27,Edwards,Shannon
slf14,Fritz,Sammie
slh16,Hopkins,Spencer
slh62,Hickey,Shelley
sll281,LaPrince,Shelly
slm21,Moskow,Shari
slm61,McQuade,Sarah
slm70,McMillan,Stephen
slr65,Rodriguez,Sarah
sls83,Seay,Shu
sls85,Shaw,Sterling
sls95,Stephenson,Shane
slt30,Thomas-EL,Shawnna
slt715,Tran,Shawn
slt719,Taylor,Shawn
slt846,Talbot,Sara
slw75,Welles,Seth
sm172,Mukherjee,Sreyashi
sm251,Mercanti-Anthony,Samantha
sm548,Mancoridis,Spiros
sm945,Medina,Sienna
sma188,Ariza,Suzanne
sma314,Abruzzo,Stephanie
sma86,Almanzar,Salina
sma92,Alvey,Shirley
smb13,Brubaker,Sharon
smb38,Burke,Susan
smb51,Barber,Sharrelle
smb87,Bever,Sam
sme792,Erwin,Sharon
smg54,Goldstein,Samuel
smg71,Giancarli,Sam
smh35,Hawkins,Stacey
smh55,Hitchcock,Shannon
smh74,Hammoudeh,Shawkat
smj50,Jones,Sharon
smk23,Kurtz,Steven
sml53,Larrabee,Stacy
smm21,Magee,Susan
smm24,Manasse,Stephanie
smm61,Morse,Shawna
smm888,McGinley,Susan
smo24,Okoye,Safiyyah
smp25,Pascua,Sonia
smq77,Quitel,Scott
smr37,Roderick,Susie
sms218,Solecki,Susan
smt638,Tomaszewski,Sara
smw40,White,Susan
smw79,Wilson,Susan
snh21,Hunter-Cuyjet,Sequoyah
snk869,Karsan,Shirin
snm63,Mostafavi,Seyed
sns473,Shah,Samir
so255,O'Donnell,Sean
sob999,Beane,Sam
sp824,Park,Sungchul
spa85,Allen,Steven
spg17,Gilbertson,Susanna
spg43,Grimes,Sean
sph67,Hansen,Stephen
spj333,Jennings,Steven
spm16,Mcgregor,Sheila
spm28,Mullin,Stephen
sps459,Sigman,Scott
spu835,Ulrich,Sarah
spv229,Vigil,Sharon
spw26,Weber,Steven
spw84,Wrenn,Steven
spw98,Weber,Steven
sr343,Rezapour,Shadi
sr455,Rank,Stefan
sra99,Alvarez,Susan
srm18,Miller,Sarina
srm55,Mills,Samuel
srm95,Mugrage,Sandra
srn77,Nguy,Sarah
srs97,Sher,Steven
srv64,Vaidya,Sheila
srv905,Volpe,Samantha
srw23,Webster,Soledad
srw57,Winter,Summer
srw87,Ward,Spencer
srz26,Zelezny,Serena
ss104,Sweeney,Sean
ss105,Sharma,Shefali
ss125,Schlichting-Artur,Simone
ss263,Scheer,Samuel
ss277,Sood,Suruchi
ss468,Swaminathan,Srinivasan
ss724,Stewart,Sandra
ss852,Sutton,Sarah
ss854,Sekar,Shivashree
ss874,Siegler,Sorin
ssa36,Amer,Sara
ssb27,Budhai,Stephanie
ssd517,Damour,Sheri
ssg627,Gusman,Shelley
ssh50,Hendrickson,Samual
ssh78,Hosman,Sarah
ssh91,Herzog,Steve
ssl41,Laucks,Seth
ssm206,Mazzeo,Stephen
sso267,Ott,Steve
ssp47,Patel,Samir
sss161,Snedegar,Samantha
sss49,Sutcliffe,Stephanie
stb49,Braun,Shannon
stb62,Brown,Sonny
sth893,Hoque,Simi
sth98,Harteau,Stacey
stj63,Jackson,Steven
stk81,Knight,Scott
stm239,Morales,Stephanie
stt49,Thompson,Steven
sv753,Vitti,Steve
svb26,Borges,Sonia
svc276,Clayton,Suzanne
svl993,Lerner,Susan
svp79,Pierce,Sterling
svs55,Smith,Stephen
svt18,Tuley,Sherley
sw208,Warnock,Scott
swg29,Goodill,Sherry
sws25,Shanker,Samuel
sww64,Wilmot,Stephen
sy129,Yoshinaga,Shushi
syc54,Choi,So
syj27,Johnson,Sadeqa
sz861,Zefelippo,Sergio
ta353,A,Todd
ta776,Anderson,Tamara
ta836,Abel,Troy
tab68,Burroughs,Tariem
tac35,Cos,Travis
tac41,Cargle,Tim
tac553,Chmielewski,Thomas
tad86,Deaver,Thomas
tag17,Gentles,Taniek
tam778,May,Toni
tam95,Mcmahon,Timothy
tar82,Rowe,Tony
tas48,Shewokis,Trish
tas68,Siddiqui,Tasneem
taw32,Williams,Terrell
taw51,Weiss,Ted
taw92,Worthy,Tiffani
tay38,Yassukovich,Tatyana
tb923,Brady,Therese
tbc98,Curtice,Travis
tbw91,Welsh,Tyrone
tca53,Andres-Bray,Tyler
tca88,Alvarez,Terry
tcf441,Fristrom,Ted
tcg87,Green,Thomas
tcp55,Powers,Tony
tcr55,Ray,Troy
tdb673,Burdak,Thomas
tdc68,Cain,Tamara
tdh453,Harrison,Teresa
tds25,Smithers,Tammy
tdw90,Wrice,Tammi
teg726,Greene,Talia
teh36,Hale,Tomi
teh40,Harman,Travis
teq75,Quinn,Thomas
tew13,Winchester,Tyrone
tfh574,Halpin,Thomas
tfj60,Jordan,Timothy
tfo291,Ovalle,Terry
tfp98,Pitock,Toni
tfs37,Saraiva,Tiago
tfs40,Saraiva,Tiago
tg442,Galoyan,Tamara
tg741,Gidalevitz,Tali
tg856,Gamsakhurdashvili,Tsotne
tgh16,Herring,Thomas
tgt86,Turpin,Timmy
th133,Huynh,Tran
th265,Harris,Tiffany
th611,Hipper,Thomas
tj611,Jenkins,Tiffany
tjb21,Bustamante,Thomas
tjb45,Bridges,Tracey
tjc16,Collins,Thomas
tjc29,Collins,Tucker
tjc319,Caggiano,Thomas
tjd41,Davis,Thomas
tjg273,Grant,Timothy
tjg35,Gorichanaz,Tim
tjg93,Grangel,Tony
tjh14,Heverin,Thomas
tjh67,Herron,Timothy
tjh90,Harless,Theodore
tjm79,Mestad,Tammy
tjn15,Navarrette,Tuan
tjn862,Nielsen,Teresa
tjp371,Perez,Terrence
tjp41,Pfaff,Thomas
tjr50,Robak,Tricia
tjw35,Walker,Tracy
tjw83,Webb,Trevor
tjw996,Williams,Tanya
tkh63,Holliday,Timothy
tkk41,Kwok,Tsz
tkk60,Kirmse,Tanja
tkm80,Martin-Peters,Tasha
tkp40,Patten,Tammy
tl266,Livshultz,Tatyana
tl634,Li,Tara
tla33,Andras,Trina
tlb913,Beachum,Tamara
tld88,Dodaro,Teri
tlf661,Ficca,Tracy
tlg698,Gillett,Thomas
tlm72,Marchiony,Tori
tlp20,Potter,Tristan
tlp29,Parker,Terri
tlr86,Redding,Theresa
tmb23,Baier,Thomas
tmb70,Bridda,Tina
tmc643,Coolidge,Tina
tmd41,Dofat,Tony
tme77,Eaton,Tiffany
tmf35,Fay-Hillier,Theresa
tmf40,Fitts,Timothy
tmh59,Huber,Trent
tml56,Lawson,Tina
tmm42,Michna,Todd
tmm45,Miller,Tiffany
tmr42,Robison,Theresa
tms30,Sims,Tiffany
tms60,Sylvestre,Tiffany
tms977,Shortell,Thomas
tms98,Sweet,Thersa
tna27,Alford,Tiffany
tnb43,Balasubramaniam,Tanjore
tnl846,Laird,Taneshia
tol89,Lindsey,Thomas
tpc534,Curatola,Tony
tpk736,Kirchner,Thomas
tpm57,Masten,Theresa
tpq876,Quigley,Tom
tr476,Rahman,Tauhidur
tr931,Rho,Tony
trb34,Buckley,Thomas
tre326,Edwards,Tracye
trh37,Harney,Theodore
trj27,Jones,Thomas
trp65,Pirmann,Tammy
trr20,Ridgway,Tara
trr87,Robinson,Thomas
trs35,Staeudle,Tracy
trs57,Smith,Theron
tsg53,Grider,Twyla
tsl61,Lafromboise,Tony
tsl943,Love,Telsa
tsm55,Mcfadden,Timothy
tsm99,Moisan,Tarsha
tsp61,Petty,Thomas
tss14,Solomon,Tina
tt104,Tan,Tein-Min
tt999,Tylek,Tina
ttb89,Barnett,Tomas
ttg83,Gumina,Thomas
tts38,Sonoda,Troy
tts94,Seay,Toby
tvm13,McCaffrey,Trevor
twa44,Ashe,Ted
twf97,Finamore,Troy
twr62,Reyes,Terry
tww45,Whisby,Terrance
tww69,Wolfrom,Troy
tww73,Whiting,Tommy
tx533,Xu,Tao
tz245,Zhang,Tongjie
ua195,Altenmueller-Lewis,Ulrike
ub849,Bilal,Usama
uj775,Jung,Uk
una24,Akpan,Udoh
uup66,Piracha,Umer
vab44,Booth,Valerie
vac109,Corbin,Vincent
vak26,Kaufmann,Virginia
vap19,Prejean,Valerie
vas305,Schaupp,Veronica
vaw79,Williams,Veronica
vb993,Bhandawat,Vikas
vcb82,Bracchi-Ricard,Valerie
vda74,Abdul-Badee,Vania
vdc673,Carey,Veronica
vdh18,Hitchcock,Vincent
vek46,Klein,Valerie
vep21,Price,Vickie
ves18,Sloan,Vergie
vf864,Fox,Valerie
vg118,Graci,Valentina
vg765,Gkatzelis,Vasilis
vgb197,Beason,Valerie
vjf88,Finkelstein,Veronica
vji396,Ifill,Val
vjk98,Kim,Victor
vjl87,Lee,Vera
vjm53,May,Virginia
vjz97,Zarro,Vincent
vk231,Kalra,Vibha
vkn77,Narayanan,Vadake
vlj92,Johnson,Vanessa
vll12,Lucas,Vivian
vlm37,Mcclusky,Vera
vm924,Mathrubootham,Vaidyanathan
vmc958,Cohen,Viola
vmf65,Feldman,Valentina
vmh45,Herrera,Vanessa
vr731,Romano,Victor
vrw95,Williams,Virginia
vs322,Sarris,Valerie
vsj31,Johnston,Veronica
vss89,Schwartz,Vicki
vtb45,Blish,Virginia
vtp56,Patterson,Verla
vvw56,Williams,Vincent
vw518,Wise,Von
waa36,Albertson,William
was64,Schmuff,William
wbb75,Budreau,Walter
wbb76,Bible,Wanda
wbd90,Davis,William
wbl16,Lewis,William
wc343,Cho,Wonsang
wcd825,Danley,William
wcp87,Powell,William
wct62,Telles,Wilbert
wda851,Arendt,Wolfram
wdb40,Browne,Winifred
wdc48,Cummings,William
wdh54,Hall,Woodrow
wdh76,Hasenberg,William
wec86,Cox,Wendy
wed56,Daniels,William
wew37,Watson,William
wfl93,Lynch,William
wgv26,Vargo,William
wh826,Hall,Will
wh975,Hayes,William
wha76,Atkins,Willis
whf457,Freeman,Winnie
whr52,Radichel,William
wja48,Albert,William
wjd77,D'Andrea,William
wjd897,DeShields,Walter
wjh44,Havlena,William
wjl46,Luckie,William
wjl65,Ledesma,William
wjl803,Lane,Willis
wjm193,Mangold,William
wjn19,Noel,Warren
wjv869,Vazquez,William
wjw89,Weisenfluh,William
wk362,Ke,Weimao
wkk82,Kahola,William
wlc93,Canfield,Wanda
wlm59,Muto,William
wlr70,Rosenberg,William
wmg19,Ghazni,Wahib
wmh19,Hilton,Warren
wmh46,Hill,Windy
wmm77,Martinez,Wendy
wmm775,Martins,Wayne
wnd11,Dampier,William
wnk39,Klein,Wanda
wp309,P,Wendy
wrb10,Beane,Wesley
wrj75,Jackson,Wilson
wrk84,Kindred,Walter
wrl69,Long,William
wrm374,Mincks,William
ws127,Sun,Wei
ws538,Shumar,Wesley
ws595,Shih,Wei-Heng
ws828,Shen,Wenjing
ws902,Sobkiw,Walter
wsl88,Leibowitz,William
wss264,Sung,Won
wss80,Scurry,William
wta24,Ahern,William
wti20,Isaac,William
wy938,Yin,Wenyan
wys31,Shih,Wan
xc581,Chen,Xi
xd882,Dai,Xin
xh488,Hu,Xiaohua
xh834,Huang,Xiaorui
xl398,Li,Xinge
xl402,Lin,Xia
xmj12,Johnson,Xavier
xs746,Song,Xiaoming
xw664,Wang,Xi
ya616,An,Yuan
ya718,Ahn,Young-Hoon
yc293,Cai,Yuanfang
ydl61,Leach,Yvonne
yek14,Kim,Youngmoo
yg729,Gogotsi,Yury
yg986,Guo,Yixin
yh626,Hu,Yong-Jie
yh923,Huang,YanLiu
yic693,Cho,Young
yk385,Kim,Yongjoo
yk395,Kim,Yoonhee
yl288,Lam,Yuki
yl541,Lin,Ying
ylm12,Michael,Yvonne
yme31,Ertekin,Yalcin
ymv38,Vibert,Yanick
ynm79,Mayes,Yasmeen
yo311,Osmanlioglu,Yusuf
ys319,Sun,Ying
yvy64,Yotov,Yoto
yw705,Won,Youngdai
yz314,Zhou,Yuen
yz422,Zhu,Yucheng
yz564,Zhong,Yinghui
yz751,Zhang,Yin
yz908,Zhang,Yaqi
zar42,Reese,Zachary
zb507,Berhane,Zekarias
zc198,Cao,Zeyu
zc283,Cordero,Zoraida
zc322,Chen,Zhiwei
zh226,High,Zachary
zjc88,Cornwell,Zachary
zjg44,Godfrey,Zoe
zl945,Liu,Zhiyang
zng20,Goldbaum,Zach
zs578,Subhan,Zahed
