first_name,drexel_id,drexel_id
Arthur,ajc13,ajc13
Angela,amr72,amr72
Brandon,bsb12,bsb12
Christina,cag80,cag80
Carl,ces54,ces54
Corey,cjf11,cjf11
Cynthia,ckw99,ckw99
Carter,cma24,cma24
Caroline,crb44,crb44
Domenic,dmg52,dmg52
Daisy,dmh51,dmh51
Gertrude,grs28,grs28
Joseph,jag72,jag72
John,jag89,jag89
James,jah50,jah50
James,jar45,jar45
Jason,jcb69,jcb69
Jessica,jgl36,jgl36
Jeffrey,jjb66,jjb66
Jonathan,jjg19,jjg19
James,jjj68,jjj68
Jennifer,jjs75,jjs75
John,jjs77,jjs77
Joann,jmf44,jmf44
Joyce,jms14,jms14
Jesus,jrb76,jrb76
Jason,jrf80,jrf80
John,jwr80,jwr80
Karen,kam30,kam30
Karen,krl12,krl12
Lisa,lam35,lam35
Lester,ltw71,ltw71
Mercedes,mam26,mam26
Margaret,mbb11,mbb11
Mary,mdd99,mdd99
Mary,mew78,mew78
Mitchell,mtm79,mtm79
Patsy,pjc60,pjc60
Robert,rbj28,rbj28
Renee,rdj19,rdj19
Roy,rjg38,rjg38
Ryan,rwm37,rwm37
Royce,rww85,rww85
Stephen,sal39,sal39
Sara,sjc26,sjc26
Sarah,sjm69,sjm69
Steven,slh16,slh16
Sarah,sls85,sls85
Steven,sws25,sws25
Tami,tjb21,tjb21
Theresa,tjh90,tjh90
Timothy,tmm42,tmm42
