Drexel ID,First Name,Middle Name,Last Name,Major,Minor
fls61,Felix,Linwood,Smith,,
jor21,Jeffery,Orlando,Rondon,,
jkc97,John,Keith,Cradle,,
svv43,Susan,Vada,Villagomez,,
shh79,Sallie,Helen,Hart,,
vsh766,Valerie,Sara,Hernandez,,
cwt24,Christie,Wendy,Tuley,,
bhf685,Bryan,Harry,Friedman,,
eow91,Emely,Olive,Wales,,
dml45,Daniel,Mark,Lant,,
dmp73,Diane,Mary,Pokorny,,
dcr60,Daisy,Carolyn,Rieke,,
jsm67,John,Stephen,Miller,,
mak28,Michael,Anthony,Katz,,
gls653,Gay,Laurie,Stater,,
mmd92,Mark,Mark,Dallaire,,
lbm63,Lillian,Bertha,Mchale,,
jmb41,Jan,Megan,Bratcher,,
mhw64,Michele,Henrietta,Woods,,
ayb55,Alice,Yvonne,Brazil,,
rlt23,Richard,Lawrence,Turner,,
ral33,Rebecca,Andrea,Landry,,
jje60,Juan,James,Edwards,,
ljc17,Lawrence,John,Charles,,
bsc45,Boyd,Shawn,Cappello,,
llb24,Lorraine,Lucia,Boynton,,
rcb95,Richard,Christopher,Bachman,,
mjb567,Marlene,Jessica,Buchanan,,
jrb32,James,Ricky,Bischoff,,
mss78,Mary,Sallie,Smith,,
rdw80,Raymond,Dennis,Wright,,
cks72,Claire,Kathaleen,Stone,,
jcm61,Julie,Carrie,Monk,,
jbm95,Jessie,Bonnie,Mcmahon,,
pmd84,Peter,Michael,Donley,,
mkh84,Mary,Karin,Horton,,
rdc94,Richard,David,Cline,,
jrl95,James,Raymond,Littell,,
jns63,Joslyn,Nicole,Slagle,,
jwj36,James,Willard,Jones,,
ljo93,Laura,Jennifer,Ownbey,,
cgh59,Charles,Gregory,Huang,,
aal38,Amy,Amanda,Ley,,
jmn84,Jeremy,Michael,Negbenebor,,
kmc78,Kelly,Maria,Cilek,,
fkj26,Frances,Kari,Jennings,,
jmh22,Joseph,Marvin,Heath,,
prl87,Peter,Richard,Lewis,,
pke17,Pamela,Kristin,Elliott,,
jda491,James,David,Alberts,,
vjf297,Vernon,John,Fortin,,
dtb58,Daniel,Timothy,Bellocchio,,
jim98,James,Irving,Mccormick,,
bec40,Beth,Elizabeth,Cousins,,
kah29,Kimberly,Ashley,Heard,,
gas55,Gerald,Arnulfo,Smith,,
keb99,Kathleen,Evelyn,Bramble,,
jbc90,Jan,Barbara,Cox,,
deg55,Daniel,Efren,Guglielmi,,
jks75,Janet,Krista,Shaw,,
css65,Crystal,Socorro,Smith,,
bcf39,Bobby,Chad,Fisher,,
rmf84,Renee,Minnie,Folsom,,
wsm96,Wanda,Sandra,Mosquera,,
dhm34,Darrell,Henry,Mickolick,,
khb91,Kirby,Herman,Bailey,,
bns11,Brittany,Natalie,Smeltzer,,
pdn47,Patsy,Dorothy,Norman,,
llc149,Larry,Larry,Colby,,
tpb86,Tabitha,Phyllis,Braziel,,
bdc80,Beulah,Donetta,Clark,,
edw426,Edward,Dennis,Wells,,
jcg11,Jimmy,Christopher,Gregson,,
dra749,Diane,Reva,Auld,,
mps20,Marilyn,Patricia,Salinas,,
ssc93,Steven,Stanley,Costa,,
rwf95,Robin,Wendy,Fellman,,
mdb36,Maria,Dorothy,Barker,,
kjg44,Katherine,Jenell,Grant,,
arh309,Arnold,Raymond,Huff,,
hac567,Heidi,Alice,Cherry,,
ppp74,Peter,Peter,Price,,
kda255,Kyle,Donald,Ahuna,,
rwg615,Richard,William,Gleason,,
rms53,Roberta,Mildred,Shade,,
alf95,Amelia,Lisa,Franks,,
hes828,Hazel,Elva,Shyne,,
cef74,Clyde,Emory,Franklin,,
gmp58,Geneva,Meredith,Pearson,,
jef66,Jeffery,Earl,Fontana,,
sso21,Susan,Susan,Oshea,,
dnl426,Douglas,Nicholas,Lederman,,
vjf39,Virgil,John,Fontes,,
mdw298,Margaret,Deann,Wright,,
jbb74,Jessica,Betty,Becker,,
jjw81,Jenifer,Judith,Walters,,
amd543,Anthony,Michael,Davis,,
csc31,Carol,Susan,Clinton,,
mdb35,Minh,Donald,Butterfield,,
lbj30,Lorraine,Bonnie,Johnston,,
